,MMM,ABT,ABBV,ACN,ATVI,AYI,ADBE,AMD,AAP,AES,AET,AMG,AFL,A,APD,AKAM,ALK,ALB,ARE,ALXN,ALGN,ALLE,AGN,ADS,LNT,ALL,GOOGL,GOOG,MO,AMZN,AEE,AAL,AEP,AXP,AIG,AMT,AWK,AMP,ABC,AME,AMGN,APH,APC,ADI,ANDV,ANSS,ANTM,AON,AOS,APA,AIV,AAPL,AMAT,ADM,ARNC,AJG,AIZ,T,ADSK,ADP,AZO,AVB,AVY,BHGE,BLL,BAC,BK,BCR,BAX,BBT,BDX
MMM,1.0,0.9471227563619125,0.9175895640746892,0.9667340283178966,0.9268253716083936,0.9620769160676275,0.9319137701736508,-0.5176731477523794,0.9671548925693411,-0.2815981499814757,0.955509675133701,0.8786578672066969,0.9090118440550384,0.6019009174183908,0.9696003469472482,0.27815079322008296,0.9461242328383133,0.8563783487820497,0.8102278754762843,0.910873755111798,0.9718784022499122,0.8584575002252687,0.9231207696444017,0.9360175430406306,0.9694600595809392,0.8750889671112154,0.9537636573246626,0.9529350774440386,0.9732695704624711,0.9364868174362787,0.869955204474426,0.5528204735235612,0.9606614148826311,0.8512241776832479,-0.6423276350325158,0.9122202597729416,0.9608125802047299,0.9379573983965313,0.9594013626510337,0.937784692692269,0.9231097212958289,0.9736428297761975,0.6798262946011643,0.7048116569726252,0.9138051244729902,0.9112570283142998,0.9233516227181142,0.9638576624727445,0.9684701280054164,0.29002247053872376,0.8978611616705868,0.9335921963141094,0.2540883625215164,0.8559443799711757,-0.5358555561652886,0.956522748921439,0.8632222633256842,0.8466092498560115,0.8476556399519223,0.9568188009299258,0.9673865602551898,0.9242289954977716,0.6928876958121422,0.3241739461921271,0.9796753149383306,-0.2980453292362479,0.4804956204053094,0.9617842119743653,0.8745378462092691,0.8537934715770183,0.9682043279088928
ABT,0.9471227563619125,1.0,0.8706080710765935,0.9537401594085657,0.8906520097170855,0.9031476588377192,0.888535315736724,-0.5849514024913532,0.9561289277309687,-0.2242015970558522,0.9206697506014686,0.9144385415834086,0.876123250622782,0.5949481597551873,0.9535805317377664,0.288331823528653,0.9156600040708459,0.8528027844679141,0.7716863626047369,0.9597191888036974,0.916446704097957,0.43594452346234336,0.9276329461093552,0.9702525469769828,0.9481315812565932,0.8158994647119517,0.9237752197264238,0.9232445838651795,0.9490724086904743,0.8889464782776534,0.7916013284483642,0.4688319409545832,0.9539725334512202,0.8583349081001408,-0.7003997713981928,0.9333855918236552,0.8878024406214938,0.9358875422132182,0.9690658499324185,0.9685567306371722,0.9029285773308899,0.9693101318746244,0.7557585253243367,0.6793399664773896,0.910358811343989,0.9416856950457352,0.8875534856431005,0.963790989929097,0.91972883751109,0.3292344352180655,0.8536195130050713,0.9604527056427624,0.18567776769226318,0.8637141997382568,-0.5920118205488655,0.95390607578481,0.8111756152969759,0.8855095820950393,0.8023440684237364,0.9477802857217285,0.955643712874183,0.923575949329131,0.5461086955524008,0.31129642565433563,0.9630759009633939,-0.40343557457942975,0.4769134842251624,0.93200089370861,0.9248809186935595,0.8001545290650257,0.943101022239314
ABBV,0.9175895640746892,0.8706080710765935,1.0,0.782810348857471,0.7403703139439719,0.8312264824551671,0.8683431451339909,0.1886577146555832,0.8968128095986146,0.056811190890608404,0.9055078041443535,0.1597310276530213,0.7254714731902009,0.8068422730358146,0.9289721511287753,0.7098376429451524,0.8434223875390418,0.22813041892317718,0.8414192999036784,0.6305149436747147,0.7866533352090255,0.727451311798059,0.838971825138962,0.554290424153783,0.8020820189942428,0.9278951707740924,0.7437327878792667,0.7326342328416925,0.8306828266238832,0.6709302682690442,0.8050121438646801,0.8009362082828069,0.8374049230747811,0.09374477908381866,0.8839361511531407,0.8632438659453016,0.7555516093767057,0.713496369320152,0.8419109651922021,0.6462249514793665,0.9480566910437618,0.9032706688537635,-0.39783517793460454,0.8414588491171532,0.7602741006581106,0.6769691348565235,0.9085717493917636,0.9274329284872336,0.8106729630289335,-0.5695827981984498,0.8489110401769348,0.8910543114868501,0.7165117334915925,0.768558266423407,0.3105707198018159,0.804342901549251,0.8160741794558832,0.623242038394995,0.8019835418772462,0.9046524185387959,0.8576074596782618,0.8334794251374241,0.791427583473872,0.24686718907734076,0.9183682325857617,0.6241005521052275,0.9127228452389335,0.880196377673695,0.6441874268145339,0.7679777473781065,0.8919267391467685
ACN,0.9667340283178966,0.9537401594085657,0.782810348857471,1.0,0.9392256217536668,0.9590374707199089,0.9247704404067633,-0.5114049489110193,0.9635660874663182,0.04039204952258914,0.9326542341774404,0.8436671717733628,0.886363811264775,0.9250736284704223,0.9589718113661626,0.8146699544661997,0.9446283054774082,0.8923694460949789,0.7807513799716024,0.9243101296701973,0.962511021218348,0.9234988606853886,0.9112865585792495,0.9233248392955997,0.9832983944014911,0.784046570233029,0.9663504846010357,0.966029715226526,0.987557008496573,0.970802528446811,0.8035911925092629,0.4354884151731597,0.9701768252081199,0.8141725872865889,-0.6804357499690568,0.9708414192210059,0.9804196321459762,0.8767850930887916,0.9451269920003722,0.9507366785647425,0.9093875763367,0.9801857445812796,0.6722679654280279,0.9066697211925158,0.8982890467560992,0.9475080882546507,0.882797135010555,0.9734054203670267,0.9684951226285288,0.21906468333081625,0.8783608085802362,0.9559957440241797,0.573032867752859,0.8195030455629039,-0.6018819817153983,0.9548162612305595,0.8410568252947648,0.9368795809442647,0.8019355731744958,0.9769857361112815,0.9868921427026353,0.9475184726325884,0.6258437865475768,0.2145954458751014,0.9827381195600307,-0.49825280066884464,0.5960397070094294,0.9630884590363332,0.9196709887541994,0.7702281691246218,0.967147383301744
ATVI,0.9268253716083936,0.8906520097170855,0.7403703139439719,0.9392256217536668,1.0,0.9668802541851207,0.9394858041873215,-0.525572741370469,0.9084552568819882,-0.2567268695883038,0.9378605613265603,0.75985527893825,0.8848491878486587,0.5616964809333157,0.9389094665228405,0.2671120023508142,0.9046376460332587,0.8289010329852264,0.8276820272168244,0.814715857562076,0.9216509198334488,0.8950242744574811,0.8448138490188936,0.8207887327375294,0.9450687362212928,0.7931592295169504,0.9417293906798139,0.9386503788583629,0.958532473942435,0.9541334438731244,0.84094004602291,0.4108409646991144,0.9352958184282916,0.6902642166304478,-0.664352203239896,0.8861975098004465,0.9190498778734209,0.75436606340394,0.8822526594664305,0.8687315620188985,0.852160774863581,0.937594184868626,0.5977711996589865,0.625204165452955,0.881539418322555,0.8791229003815075,0.8628299465998192,0.9384951140611252,0.9468180965135925,0.3297136369958978,0.8531244466458144,0.8755984366788628,0.2313248886856697,0.8176700600879849,-0.5414209984022289,0.8603977888505964,0.8887021456543185,0.8451368308819384,0.8232176025904248,0.9045932233850213,0.9315248237674566,0.8911611263116127,0.665584705445536,0.3204209918759995,0.9292903694642926,-0.3151401140582588,0.502901692407524,0.9676045948635457,0.9011588152297201,0.7503789056305624,0.9709147220626853
AYI,0.9620769160676275,0.9031476588377192,0.8312264824551671,0.9590374707199089,0.9668802541851207,1.0,0.9634494331543693,-0.41899516425485356,0.9458448177219742,0.1085706042306052,0.9551786649398056,0.7642073493244534,0.8617080925747772,0.8793270007348767,0.9369813657451359,0.7712538494273505,0.9659089982942642,0.7837581201715176,0.7881192514473191,0.8550521632206428,0.9587847764028873,0.9439292488536182,0.9199532322918428,0.8626000922752012,0.958363990717723,0.8314554341642724,0.9560152565882873,0.9529411670388707,0.9748919594104029,0.9706144174148853,0.8607653977632703,0.5406431865007583,0.9517480476757516,0.7366328679522439,-0.5366964514639063,0.9081202226658849,0.9638915999629878,0.8416801697487029,0.9228954228407678,0.8670869524892943,0.9343137558582515,0.9423624245813638,0.49533782289610756,0.9050164678272193,0.9039672598909546,0.8507464101526696,0.9089124513905711,0.956091070306659,0.9844242278139663,0.046191515804857204,0.8926204430267396,0.8863800286957274,0.6832390014674358,0.7801009377667856,-0.4762769705135215,0.8992635363034179,0.8962315519799836,0.8837532674417978,0.7897166080172594,0.961196138098076,0.9561342902311369,0.8888679598632097,0.7615519920742322,0.18470193689082226,0.9466819202077542,-0.36060419128444565,0.702688541543141,0.9650862475140882,0.8575112945305604,0.7929610706852983,0.9675782503027462
ADBE,0.9319137701736508,0.888535315736724,0.8683431451339909,0.9247704404067633,0.9394858041873215,0.9634494331543693,1.0,-0.33618950755590354,0.919646880792803,-0.06267620914803958,0.9569942578238344,0.8142114757821922,0.8744396701563353,0.6752420046627701,0.9240125421258104,0.37140766851988904,0.9265067870106243,0.7681889196342736,0.8177600096556329,0.8306346978046969,0.9330640558978569,0.9272348048296692,0.8856713168615205,0.8659307977522259,0.9325069027375925,0.8845390734314058,0.9389780152797108,0.9358785410956408,0.9301443592014829,0.9144402196338921,0.8853374618182039,0.6434990876251893,0.9340941246990503,0.8010841690877798,-0.49913060118848784,0.8999556338978331,0.9363901387931847,0.865090623550156,0.8910261525130365,0.8504939414365542,0.9131564584211522,0.9295409775378533,0.5724630014234212,0.7544987689558922,0.9267198990677961,0.8265816067031948,0.9396263894129344,0.9401345488714846,0.9412968024170939,0.22463758706247045,0.9008207719141619,0.8509253896527775,0.4125850975893877,0.8193795816890018,-0.3999185592211906,0.861361387477719,0.9399809329962173,0.8594847319375196,0.8519570643383155,0.9315513246279595,0.8980944315934172,0.867422151726868,0.7717357071729488,0.39515861113364475,0.9057586006314547,-0.17484979389366212,0.6718414926356496,0.9361036926078969,0.8506301048845979,0.8239455137290841,0.9467386466357524
AMD,-0.5176731477523794,-0.5849514024913532,0.1886577146555832,-0.5114049489110193,-0.525572741370469,-0.41899516425485356,-0.33618950755590354,1.0,-0.47479200175775826,0.6108829182850297,-0.4337737119658187,-0.47006287528149515,-0.5133278545560775,0.0017964795485436965,-0.5653134205711058,0.08189753508016513,-0.42897149551833624,-0.5846464131655715,-0.3882800620504375,-0.5432908983935832,-0.4675003704652221,0.3247987590286709,-0.44425521930435063,-0.5153107613120859,-0.5013074335165497,-0.2787979114841684,-0.5031315730528261,-0.5059231799121162,-0.533283281437752,-0.48764155151405675,-0.3036636872666726,0.3023807972919554,-0.49690585246331836,-0.31549269165649346,0.7431368832416292,-0.4427538540792533,-0.29688237927572614,-0.3820610179819307,-0.5357563794450029,-0.6002451526517494,-0.34285586323754,-0.5509158427154878,-0.5171259656512519,-0.038654726173575404,-0.3961469915769449,-0.6246886479051332,-0.2551394532605002,-0.5085140551443892,-0.4661385385878833,-0.41923076541022053,-0.3201115697536301,-0.5762981457143324,0.39873237236410186,-0.4847959378796093,0.6207408554847561,-0.5430306560244526,-0.2965136058803586,-0.4298478700855251,-0.33971259919911184,-0.44437028221412533,-0.5701660858201307,-0.5122841693611613,-0.018107983543848488,-0.006783889580376662,-0.5789357121538635,0.471661895951884,0.1088231751708505,-0.5414585347747545,-0.5901463781560344,-0.31002690615741674,-0.5418125179554447
AAP,0.9671548925693411,0.9561289277309687,0.8968128095986146,0.9635660874663182,0.9084552568819882,0.9458448177219742,0.919646880792803,-0.47479200175775826,1.0,0.10001277654084144,0.9408511350039391,0.8541858862084775,0.8542200747409978,0.8999630261509768,0.9567653100826478,0.8271889177281463,0.9655452765054585,0.8170909742126461,0.7516353522627826,0.9493307812529348,0.9351433456156286,0.7048695705557825,0.9603102546234664,0.9467577657604782,0.9528633628200698,0.8008621362549534,0.9387049859004366,0.9361470322126842,0.9699795941068722,0.9272451508755996,0.7975189493600027,0.5121695049813236,0.9486758054455297,0.8336020417992607,-0.6424560541587215,0.9462633474421409,0.9256851739907637,0.9195123142901623,0.9719831066845825,0.9463572041930117,0.9376985998216285,0.9667405927153917,0.6520340782750532,0.9126153383347165,0.9038476935691936,0.914808966078909,0.9207225038815156,0.9641698299654881,0.9494779409024321,0.13740612415435607,0.8592059633247131,0.9572547648175684,0.583932629159512,0.8326551027747823,-0.5650923840894235,0.9418443659943281,0.829400816272114,0.8777990472111514,0.79912599654869,0.9727126917514035,0.9804974471814255,0.9264555747996387,0.6134515000953951,0.19448151347089063,0.9777556470737994,-0.4736704227762424,0.6175298335078052,0.9516876957277108,0.8608563161800223,0.7837323191047549,0.949319110325614
AES,-0.2815981499814757,-0.2242015970558522,0.056811190890608404,0.04039204952258914,-0.2567268695883038,0.1085706042306052,-0.06267620914803958,0.6108829182850297,0.10001277654084144,1.0,-0.23169155557683135,-0.20335554424570385,-0.257576089805068,0.34428562814436603,-0.26914485722325904,0.35953396225493367,-0.16068290692350412,-0.2776209835896407,-0.28464002648818293,-0.16978582466700018,-0.0627003412290654,-0.49118739667675054,-0.11683311413325187,0.04468569655423679,-0.19342406297314502,-0.16342347758822756,-0.15601628127331837,-0.15491155356942668,-0.24401751596992372,-0.2073275930704288,-0.226013820707069,0.4551199708722444,-0.16608776956816548,-0.05525164246260328,0.4774236697087793,-0.041159626574774885,0.2034354951172865,-0.03332315618877224,-0.23771314916042996,-0.2758026617155599,-0.08958637864789544,-0.22616742658935007,-0.20804682576981906,0.2768897887363544,-0.1609621615562586,-0.30487294623450883,0.32574265668867847,-0.16342692787113894,-0.21618476999589645,-0.2863676581335761,-0.12234386800558142,-0.2359996918469465,0.5249150369021726,-0.2607801608502804,0.3870298953135183,-0.26699049006831777,0.23836978133426195,0.057409676640284686,-0.2314554527029356,-0.09265681136674325,-0.28025857815185645,-0.26011618776439194,-0.04002493232144154,0.0047416573544083705,-0.3183990420048995,0.03490665519800281,0.4672906875574533,-0.2909336454298286,-0.18459541196137938,-0.2600787784504942,-0.26480296871138925
AET,0.955509675133701,0.9206697506014686,0.9055078041443535,0.9326542341774404,0.9378605613265603,0.9551786649398056,0.9569942578238344,-0.4337737119658187,0.9408511350039391,-0.23169155557683135,1.0,0.8722059173244044,0.9027013007709223,0.5839785108569684,0.9562604046580672,0.30045359653395365,0.9266720781891695,0.806841319331784,0.8773215813023232,0.8536428214254547,0.919488018961022,0.9022265429247307,0.8879357940107883,0.8901609720759255,0.9452648922606147,0.9107913693008578,0.923852256520423,0.9200119720110066,0.9499061141101685,0.9045864496379721,0.9216660457137086,0.6472285194859376,0.9466610535728667,0.8179454131754065,-0.5711026680098364,0.8892955287840733,0.9474934340853013,0.8897997052882965,0.9301374685819851,0.8997864846638279,0.9019992423934905,0.9448905516407203,0.6420469347542704,0.6644995130832053,0.9619237377223222,0.8791455294834912,0.9760771088025698,0.9433479968341388,0.9405378845584729,0.3005555451320461,0.9128160697457278,0.8894454843620565,0.24882461723099522,0.8809094962875673,-0.4513404872798127,0.8922771057702394,0.9250303436766043,0.830318034250435,0.8985011208424724,0.9203851639658346,0.9293344293816022,0.9206183899648628,0.7267808627216396,0.4439714204547584,0.9463750229477226,-0.16176606173998515,0.5560744186181399,0.9667952887675791,0.858468472292909,0.864994859766118,0.9686267519189032
AMG,0.8786578672066969,0.9144385415834086,0.1597310276530213,0.8436671717733628,0.75985527893825,0.7642073493244534,0.8142114757821922,-0.47006287528149515,0.8541858862084775,-0.20335554424570385,0.8722059173244044,1.0,0.888267222931424,0.5741210330854424,0.9033897684180138,0.3059462848487268,0.7874820813891084,0.8405610246177736,0.804287707976925,0.8858922310643033,0.8161520099382772,-0.5746486942464015,0.8157556824734841,0.9418284172330074,0.8614527200449197,0.8444036254319818,0.8016013729169666,0.8045354600093082,0.8304523915254723,0.7448166631283001,0.7885052164966535,0.6029461357969894,0.8712985231125987,0.9425869595910407,-0.5949650848025614,0.8621611268416093,0.7236958417882203,0.9505733178936785,0.8890650807644275,0.9400674675391224,0.7959278450317447,0.898666038562636,0.8443720833380496,0.588690602614217,0.8858443958794191,0.8999886497649465,0.8602982554085544,0.8760584772483905,0.7978694769676699,0.4584897235943456,0.835361696523112,0.8694710754794186,0.14039623889436245,0.9082626555558401,-0.42136203177857007,0.89541470988585,0.7844305432481995,0.8065995739472228,0.8647512413628874,0.839300386967077,0.8417006354051473,0.891178017265569,0.5167007465506958,0.5521929194666045,0.8887828978907374,-0.1856173625197038,0.4656796601574346,0.8495857573294457,0.837792420552857,0.8421306122918836,0.8605124571464664
AFL,0.9090118440550384,0.876123250622782,0.7254714731902009,0.886363811264775,0.8848491878486587,0.8617080925747772,0.8744396701563353,-0.5133278545560775,0.8542200747409978,-0.257576089805068,0.9027013007709223,0.888267222931424,1.0,0.5365285513868585,0.9398780546530248,0.2374600675390294,0.7922894744623429,0.8935864381160016,0.8986268349203674,0.7979452672374256,0.8707791396484856,0.7273934322052,0.7610983683492805,0.8510649670972968,0.9026805549556437,0.8359016904013279,0.8980308346071616,0.8999420264961683,0.8796792779102647,0.8384267577537468,0.83998270377859,0.44496871668184534,0.8978121836910378,0.8194211323740237,-0.6548935319389659,0.8679801415865538,0.8406132134035255,0.8557805687642959,0.8460682816365032,0.9056795152029312,0.7613263072921169,0.9232933937409148,0.7855053388641823,0.5469500051534766,0.854867514637491,0.9157371143021965,0.8446456271492686,0.8922980835224532,0.8535375007623518,0.5615205218210146,0.8470712672174534,0.8493516254046275,0.1272638339734701,0.9049524349154559,-0.44650530075845063,0.8672589381732222,0.899201177490364,0.8209594631767368,0.9047970598153074,0.8333889715727972,0.8572310477092291,0.9030161778350111,0.587529913356677,0.5471796565493815,0.9049919319916064,-0.1826860541564148,0.4760822740293106,0.9226529446834499,0.8775683822850663,0.8205093023510528,0.9289193158628145
A,0.6019009174183908,0.5949481597551873,0.8068422730358146,0.9250736284704223,0.5616964809333157,0.8793270007348767,0.6752420046627701,0.0017964795485436965,0.8999630261509768,0.34428562814436603,0.5839785108569684,0.5741210330854424,0.5365285513868585,1.0,0.5911413021454113,0.7712736029150074,0.6467034012314032,0.5650907353695276,0.4319632893492641,0.6582004356795581,0.9049061748819676,0.5796973333925294,0.6515792610728365,0.9005906073540254,0.6557283295043543,0.47957810855226846,0.9187882648604025,0.9210311100237197,0.6182442665801988,0.6491860880519549,0.456140105619199,0.5401551681545892,0.6307389451786135,0.6666057370954129,-0.29771113078091005,0.760882689303059,0.8888317611706249,0.9245649554228547,0.6081784334122696,0.602195339381573,0.6584327280348518,0.6466716211450217,0.4437907353424675,0.847446468560441,0.5923200996674863,0.5701221486133969,0.8722591019020243,0.6661344167417966,0.6368217998806539,0.08982480811778183,0.6130917600565248,0.6311119260396247,0.7279184692085605,0.48962602103440334,-0.23671857565093793,0.5847520501117609,0.8632780606904098,0.7329580978569552,0.5189408630692065,0.7065193067173542,0.6121821321395277,0.5816999777269881,0.5070509531956395,0.22092312746928103,0.5861276729628428,-0.350914370434267,0.5575837455765302,0.5663649387730953,0.5733204078613887,0.42857867731717675,0.588697835892028
APD,0.9696003469472482,0.9535805317377664,0.9289721511287753,0.9589718113661626,0.9389094665228405,0.9369813657451359,0.9240125421258104,-0.5653134205711058,0.9567653100826478,-0.26914485722325904,0.9562604046580672,0.9033897684180138,0.9398780546530248,0.5911413021454113,1.0,0.2890627669728435,0.9046020009715554,0.8979910714238593,0.866473563628487,0.9003876532333173,0.932398213954474,0.8066955970525277,0.8831574346006257,0.9287134243964764,0.9637170186076595,0.8413794927946764,0.9551131343358074,0.9546198517088267,0.9610259354219924,0.9075539664698657,0.8464093090560876,0.4932896427497797,0.9599965538980103,0.8334244019059268,-0.706179441348302,0.9267002912555271,0.9294635728828725,0.9311882719168467,0.9458870453396379,0.9528808558831282,0.8613174450468247,0.9840491228024495,0.7681162596581987,0.6382793848853747,0.9128609153456727,0.9460146339456575,0.9219136192972062,0.9657807409873764,0.9290380706133854,0.4450796948820687,0.8846248141431815,0.9442725300215912,0.19621190298583463,0.9185536369625473,-0.527610656385428,0.923623382059042,0.8905385934564706,0.8693679240790786,0.8869166184518408,0.9303607116450529,0.9510434650195192,0.9486490532383571,0.6048590839597885,0.4457540186819413,0.977112849511246,-0.3156795747623523,0.4949005575556026,0.9740029873622139,0.9228217918108066,0.8120097379356103,0.9813582407288414
AKAM,0.27815079322008296,0.288331823528653,0.7098376429451524,0.8146699544661997,0.2671120023508142,0.7712538494273505,0.37140766851988904,0.08189753508016513,0.8271889177281463,0.35953396225493367,0.30045359653395365,0.3059462848487268,0.2374600675390294,0.7712736029150074,0.2890627669728435,1.0,0.34958713176541495,0.2668022607131626,0.2093443402757361,0.3632831763825143,0.7803650862001432,0.17519975844382618,0.35307464537771605,0.8380258504390249,0.3327855508832424,0.20370306368179292,0.7899840547207814,0.7899190265837963,0.3004216579524942,0.33164377193776323,0.16543758234040476,0.6996691135957183,0.293006774239116,0.395170689711614,-0.15404853024596277,0.4791697327425361,0.7491191306573811,0.865559981648468,0.30838375095214554,0.3051693142127007,0.3588116300024871,0.34208094341165673,0.20707958105711685,0.5498617670488959,0.33609490629727534,0.28542459755071936,0.850757832863023,0.33826864056853156,0.3161746645837698,0.014695950112860926,0.31208760407321795,0.340269109815711,0.5926739397799227,0.2760423276816948,-0.09856995530449095,0.22646555061982265,0.7976626620952378,0.41565792726286005,0.27280285617806316,0.3664073494535288,0.3005113125206322,0.3028888326608878,0.2983701812479765,0.1056196835588908,0.2818502173786912,-0.20634406859298096,0.33446120559481585,0.2813192214663867,0.24313812419853606,0.14444506864220846,0.2940968509158222
ALK,0.9461242328383133,0.9156600040708459,0.8434223875390418,0.9446283054774082,0.9046376460332587,0.9659089982942642,0.9265067870106243,-0.42897149551833624,0.9655452765054585,-0.16068290692350412,0.9266720781891695,0.7874820813891084,0.7922894744623429,0.6467034012314032,0.9046020009715554,0.34958713176541495,1.0,0.7332478638921228,0.6989247412142366,0.9045830563561347,0.9352935008316716,0.8003204501507563,0.9651177745513955,0.9032967570932752,0.9300901335729759,0.822879072745024,0.9409202866361928,0.9372308784604032,0.9556618064742223,0.9376082113606681,0.8155947570026864,0.5847376878312673,0.9287207950150422,0.7821199875295184,-0.5469967840991318,0.8834256345325745,0.9372527216778905,0.8970318843926566,0.9566483953669681,0.875019280126853,0.9582113236919055,0.9273840896100775,0.5328930677900477,0.7897678954268611,0.9104720699695656,0.8306094165466831,0.9175181425608979,0.9439450164346908,0.9693787687637485,0.07211383002210274,0.876584820400441,0.9045944126400524,0.36561875664939575,0.7451049630003684,-0.5242934948219331,0.9078511288197424,0.8524344634858302,0.8296687965533638,0.738619532022474,0.9704161125775754,0.9564640155014645,0.8613180207520826,0.7298792462869172,0.18635674150488615,0.9252681062438416,-0.343121718538416,0.5562354472573654,0.9079715915325818,0.8152446719268241,0.7879194003113007,0.9171508864790966
ALB,0.8563783487820497,0.8528027844679141,0.22813041892317718,0.8923694460949789,0.8289010329852264,0.7837581201715176,0.7681889196342736,-0.5846464131655715,0.8170909742126461,-0.2776209835896407,0.806841319331784,0.8405610246177736,0.8935864381160016,0.5650907353695276,0.8979910714238593,0.2668022607131626,0.7332478638921228,1.0,0.8097466667906992,0.8125718507165071,0.8431775597192849,0.4136642487411369,0.6915064931002141,0.8205025538111931,0.9021962826897914,0.661785250987936,0.8250755005448335,0.8305562387366416,0.8682908040717243,0.8382352398458751,0.7011268992715394,0.19283174692599891,0.8688077496490794,0.7821337042229417,-0.7924940731290014,0.8953979233142989,0.7930029149034037,0.7398412973783872,0.8058951855039928,0.9154896861080148,0.6767604663542094,0.908442496626979,0.8503110216800733,0.5289329201704309,0.7558758645519574,0.946483549523948,0.7221692176134323,0.8618612636071227,0.8125793031348691,0.6197643296741161,0.7893053061464484,0.8863086015450063,0.06112652083546249,0.8482484617986205,-0.6283706273921805,0.8678761057276776,0.6990804987179747,0.8604753261356819,0.8257898402742577,0.8119188090865964,0.8694117450383084,0.9237792594355257,0.3970233029447202,0.4352483126895411,0.9029709848281313,-0.43788851248955085,0.2723758064996875,0.8791008205920912,0.8977255503181135,0.6893283179448092,0.8797010765457106
ARE,0.8102278754762843,0.7716863626047369,0.8414192999036784,0.7807513799716024,0.8276820272168244,0.7881192514473191,0.8177600096556329,-0.3882800620504375,0.7516353522627826,-0.28464002648818293,0.8773215813023232,0.804287707976925,0.8986268349203674,0.4319632893492641,0.866473563628487,0.2093443402757361,0.6989247412142366,0.8097466667906992,1.0,0.6551498098925987,0.7495354133959616,0.8869974217528819,0.6297789824435784,0.7077903191106183,0.8291338918380374,0.8369040661537637,0.7409104272709894,0.7387130850946508,0.8013291107742855,0.7305600812898281,0.8767267047239177,0.6483859537020981,0.8268346112690665,0.7122279274203728,-0.5416041255706482,0.7718582716353014,0.8285414118451744,0.6826643294860922,0.7423035665576896,0.7832519484078425,0.6617100458320517,0.8242249037569838,0.6740101378574516,0.4084174270233439,0.8372387073323819,0.8078703295835977,0.8418809119532916,0.7812309777287055,0.7515981511970579,0.5687039970951943,0.8639377186472205,0.7529881029000647,0.0683283584947774,0.8849316629619506,-0.2944227969257336,0.7297627215183674,0.8917848780643576,0.7196139540152564,0.94088369343565,0.7143794161519048,0.7553465779847158,0.88685621608661,0.5905246672567427,0.6901940655818919,0.8249942092822382,0.03604448603846271,0.43942208926974013,0.8789443657914723,0.7799606323293959,0.8090730229954718,0.8723970091122406
ALXN,0.910873755111798,0.9597191888036974,0.6305149436747147,0.9243101296701973,0.814715857562076,0.8550521632206428,0.8306346978046969,-0.5432908983935832,0.9493307812529348,-0.16978582466700018,0.8536428214254547,0.8858922310643033,0.7979452672374256,0.6582004356795581,0.9003876532333173,0.3632831763825143,0.9045830563561347,0.8125718507165071,0.6551498098925987,1.0,0.8865424558055992,-0.2511040564034787,0.9422796911828634,0.9799857669076589,0.9056228449349547,0.7365744825830101,0.8815950132635736,0.8821945143366948,0.9119368635756111,0.8591455800420891,0.7070488043534431,0.4306328445644261,0.9012966455627627,0.8792424407057121,-0.6853504521994436,0.923761723259275,0.8269406545269447,0.9221962771665774,0.9539831610530631,0.9569417711874214,0.89584992224512,0.9314159835117748,0.7429620397307957,0.7323101798513633,0.8508034101587877,0.9096573877131593,0.8398189317950701,0.9274513823863425,0.8819852106581861,0.2567359406318744,0.7986780785047757,0.9616802573114684,0.23453883585457375,0.7887330285388207,-0.6271491456086838,0.9393456875531064,0.7311739393593203,0.8502961047090275,0.7220833119149782,0.9346615065799467,0.9425191104524798,0.8843644917998056,0.48134680276881797,0.21737125206621463,0.9327930412052732,-0.4985925786125045,0.4071167268512067,0.8663417855682934,0.8484100416658099,0.7354554260761713,0.8731332498612608
ALGN,0.9718784022499122,0.916446704097957,0.7866533352090255,0.962511021218348,0.9216509198334488,0.9587847764028873,0.9330640558978569,-0.4675003704652221,0.9351433456156286,-0.0627003412290654,0.919488018961022,0.8161520099382772,0.8707791396484856,0.9049061748819676,0.932398213954474,0.7803650862001432,0.9352935008316716,0.8431775597192849,0.7495354133959616,0.8865424558055992,1.0,0.788499695172007,0.9032306098623498,0.9007549530712997,0.9615272709107628,0.8216550033283425,0.9620454576844079,0.9617598655081859,0.9615276373902206,0.9628455063283524,0.8371435368208751,0.4965628774312291,0.946311895416553,0.8201368581809138,-0.5791427855634895,0.9257051408516699,0.97051304201252,0.8869124521813673,0.9147084230377109,0.8999735612188525,0.9180916931439472,0.9507032000852489,0.592396281643377,0.9249649893490604,0.8785010081666765,0.8800582560133976,0.8709763413814103,0.9540452094209251,0.9737763942481773,0.15320415339398827,0.8690221164543563,0.9080913827556761,0.6470586154563366,0.7817536913669292,-0.5181742705332317,0.946068645672541,0.8532865566427807,0.9007885018083267,0.7822179945663641,0.9614356189802914,0.9535552002993615,0.8845515456837368,0.708764567491216,0.20483823021293598,0.9502494150589406,-0.38316757083167213,0.5908883481343634,0.9367693862633002,0.865457742361394,0.8146956655616907,0.944268816927151
ALLE,0.8584575002252687,0.43594452346234336,0.727451311798059,0.9234988606853886,0.8950242744574811,0.9439292488536182,0.9272348048296692,0.3247987590286709,0.7048695705557825,-0.49118739667675054,0.9022265429247307,-0.5746486942464015,0.7273934322052,0.5796973333925294,0.8066955970525277,0.17519975844382618,0.8003204501507563,0.4136642487411369,0.8869974217528819,-0.2511040564034787,0.788499695172007,1.0,0.41998057773693537,-0.35313311624416205,0.8519090048159192,0.7360393518188434,0.7941183735819676,0.7839642716243389,0.9000215096558558,0.8536946809469292,0.8410748475348384,0.2583536052391213,0.8522458266061845,-0.721318690038436,0.7188220609640942,0.8319683763375155,0.867141080057167,-0.22722519757846377,0.4490351848869726,-0.1415908500281334,0.7840775839076336,0.8224966884196518,-0.6580528080769132,0.8113812440393331,0.6849396283956628,0.7494791361333341,0.6759250205670159,0.8887438233073641,0.9019955277492239,-0.6634393626082061,0.9144465263872327,0.5812575572658341,0.5061879437181357,-0.038052563723897606,-0.5112587343973148,0.536187701224344,0.8205387452810246,0.7816007132575066,0.5866382221897133,0.8499966356950689,0.929691479362878,0.871250869358342,0.9146539406059988,-0.4263825430894288,0.8662852321156921,0.05620698368882648,0.7113603804291445,0.9135342413832073,0.7164843307832585,0.4026364894420091,0.9320401667708605
AGN,0.9231207696444017,0.9276329461093552,0.838971825138962,0.9112865585792495,0.8448138490188936,0.9199532322918428,0.8856713168615205,-0.44425521930435063,0.9603102546234664,-0.11683311413325187,0.8879357940107883,0.8157556824734841,0.7610983683492805,0.6515792610728365,0.8831574346006257,0.35307464537771605,0.9651177745513955,0.6915064931002141,0.6297789824435784,0.9422796911828634,0.9032306098623498,0.41998057773693537,1.0,0.9404528871536219,0.8903822635560678,0.7947837717615256,0.9130913374841988,0.9101491961905187,0.9151982102156255,0.8796562380844293,0.7534394399974704,0.5575001301765778,0.8986775134282671,0.8137749600387638,-0.5387520463589458,0.8696980306496327,0.878006072897749,0.9352023409017037,0.9674089656236409,0.8804901267093732,0.9598748671533658,0.9052919019036947,0.5661112675845927,0.7917198432059416,0.8815183185463621,0.8156704337281114,0.9040925174331856,0.9284014591779115,0.9228038720013678,0.06133639540225377,0.8253263278362771,0.9034023909877429,0.36089514386463906,0.732358174396319,-0.5075059017793558,0.9009613749826625,0.8066557434627303,0.8055994743287647,0.6865343002995082,0.9529589546538109,0.9307635987232176,0.824864590423889,0.6555519519244509,0.16748488348079793,0.9033000847772676,-0.38145592353775853,0.5497473023799864,0.863640469353204,0.790028815755874,0.7516334914070939,0.8777950238959115
ADS,0.9360175430406306,0.9702525469769828,0.554290424153783,0.9233248392955997,0.8207887327375294,0.8626000922752012,0.8659307977522259,-0.5153107613120859,0.9467577657604782,0.04468569655423679,0.8901609720759255,0.9418284172330074,0.8510649670972968,0.9005906073540254,0.9287134243964764,0.8380258504390249,0.9032967570932752,0.8205025538111931,0.7077903191106183,0.9799857669076589,0.9007549530712997,-0.35313311624416205,0.9404528871536219,1.0,0.9101847148732268,0.8035358391540401,0.8916053050907312,0.8926216246255751,0.906533962482345,0.8499573343960686,0.7556515798558918,0.5233737809518573,0.9123952295706766,0.9258923852425553,-0.636368712547253,0.9300814500295577,0.82001310077882,0.9663685354646385,0.961966720079473,0.9736787207761867,0.9055938002642834,0.944620205944937,0.7562465113699856,0.8752254113869784,0.8883612901893376,0.9222256378724469,0.8786359429563337,0.9375525651331549,0.8887976589338007,0.2213542436315508,0.8213844872542502,0.9423441555856087,0.5263409278887475,0.8477050085281952,-0.5428313540998423,0.9545944058492815,0.7827638700108737,0.8657305893547678,0.7814142090425369,0.9399273474677872,0.9326065169275001,0.8956724711422958,0.5443942110657385,0.2741076707190864,0.9461164763393306,-0.434494193844771,0.5803035953174648,0.8888829784201671,0.8539389573983799,0.812114995397038,0.897364186424098
LNT,0.9694600595809392,0.9481315812565932,0.8020820189942428,0.9832983944014911,0.9450687362212928,0.958363990717723,0.9325069027375925,-0.5013074335165497,0.9528633628200698,-0.19342406297314502,0.9452648922606147,0.8614527200449197,0.9026805549556437,0.6557283295043543,0.9637170186076595,0.3327855508832424,0.9300901335729759,0.9021962826897914,0.8291338918380374,0.9056228449349547,0.9615272709107628,0.8519090048159192,0.8903822635560678,0.9101847148732268,1.0,0.8339570505631644,0.9630284042797724,0.9630193388536576,0.9875728244218006,0.9531849866081792,0.8612282453746488,0.5068058635936701,0.987723864709073,0.8273564308100704,-0.6675898313522166,0.9588570893943598,0.9928136461444765,0.8808071081095342,0.9351265485019478,0.9387342940126195,0.8992896183950357,0.9786748436356951,0.696225550106772,0.7129252260021951,0.9102469276953522,0.9321966708745558,0.899957384065375,0.9750396276910487,0.961844543182393,0.32746729616283693,0.9162729711701246,0.9441312865039455,0.27056814620180325,0.8567825531226023,-0.566726562805346,0.9453326787198387,0.8772564870322108,0.9264346253605691,0.846047162917061,0.9636770954803177,0.971893139358235,0.9561519468924022,0.646897050471494,0.3373821490019113,0.9727645790023088,-0.36924783843038184,0.4930384415375624,0.9686426736373059,0.9277096053056604,0.8019288919181538,0.9744340270797566
ALL,0.8750889671112154,0.8158994647119517,0.9278951707740924,0.784046570233029,0.7931592295169504,0.8314554341642724,0.8845390734314058,-0.2787979114841684,0.8008621362549534,-0.16342347758822756,0.9107913693008578,0.8444036254319818,0.8359016904013279,0.47957810855226846,0.8413794927946764,0.20370306368179292,0.822879072745024,0.661785250987936,0.8369040661537637,0.7365744825830101,0.8216550033283425,0.7360393518188434,0.7947837717615256,0.8035358391540401,0.8339570505631644,1.0,0.7671784850315514,0.7646862912308027,0.8194203667722719,0.7473833066382418,0.9560114263888414,0.8306733877971206,0.8610512087773619,0.8262654743243436,-0.30956651659604667,0.7496933905202471,0.9172728822065273,0.8634955881911214,0.8198854532370783,0.7790301930546241,0.8533463638281921,0.8218006465368923,0.5324841123153004,0.5940570674959185,0.9076392054838137,0.7231778930715462,0.9062539671572708,0.8211134056777868,0.8307449719907635,0.17784329991350653,0.9079304306994399,0.7361421160475308,0.27951190662927217,0.8032549924440389,-0.19264865913527016,0.8195657006423186,0.8742769280400498,0.720304561043537,0.8598945194118194,0.8189615328228071,0.7818918639206308,0.8038136674916048,0.807941315228294,0.5101569288783104,0.8237324087677379,0.13454024893491384,0.6237413135768303,0.8398419667675284,0.7242961796377483,0.9353060564148409,0.8468330350977021
GOOGL,0.9537636573246626,0.9237752197264238,0.7437327878792667,0.9663504846010357,0.9417293906798139,0.9560152565882873,0.9389780152797108,-0.5031315730528261,0.9387049859004366,-0.15601628127331837,0.923852256520423,0.8016013729169666,0.8980308346071616,0.9187882648604025,0.9551131343358074,0.7899840547207814,0.9409202866361928,0.8250755005448335,0.7409104272709894,0.8815950132635736,0.9620454576844079,0.7941183735819676,0.9130913374841988,0.8916053050907312,0.9630284042797724,0.7671784850315514,1.0,0.9997991285649891,0.9635686902723711,0.9540421688390104,0.7873865332025646,0.504663892711453,0.9630754591719917,0.7694804877651299,-0.516072777553933,0.9578513403950611,0.9572563537795774,0.8886571234141181,0.9185285359236798,0.9162705163196891,0.9057889339951516,0.9680837482025622,0.5267618848671916,0.9179459508187924,0.8853051564064764,0.9133799915533344,0.8648524907601098,0.9689690406654882,0.9603250224929377,-0.1788180442709976,0.8506328858888687,0.9004544758657927,0.7368905305787107,0.821597055208003,-0.4718233783177103,0.9171142127295279,0.8963738632970473,0.9251796733257585,0.8055875631669324,0.9606586050369734,0.9529809409877323,0.912011621732353,0.7176094393955046,0.014233386979182396,0.951812441224898,-0.40091388767569547,0.6605706208537816,0.9593043754358204,0.9219335980474287,0.7414854771148741,0.9664892695517262
GOOG,0.9529350774440386,0.9232445838651795,0.7326342328416925,0.966029715226526,0.9386503788583629,0.9529411670388707,0.9358785410956408,-0.5059231799121162,0.9361470322126842,-0.15491155356942668,0.9200119720110066,0.8045354600093082,0.8999420264961683,0.9210311100237197,0.9546198517088267,0.7899190265837963,0.9372308784604032,0.8305562387366416,0.7387130850946508,0.8821945143366948,0.9617598655081859,0.7839642716243389,0.9101491961905187,0.8926216246255751,0.9630193388536576,0.7646862912308027,0.9997991285649891,1.0,0.9619988046249482,0.9524442598838948,0.7846400746393742,0.5014233087210339,0.9626376228483322,0.7724105803099998,-0.5195878075513345,0.958914442419205,0.9573948281687314,0.8898042526872304,0.9166553046368976,0.9180598828937775,0.9028496147114597,0.9682107347672495,0.5337375262878999,0.9166341234013045,0.882050601259203,0.9158967398838349,0.8605882912214615,0.9685281059217745,0.9582429473037559,-0.16994073930778317,0.84884027717525,0.9002417492014415,0.7357701593851284,0.8218530447695714,-0.4737185507738046,0.9184204722144939,0.894632763734199,0.9272522180243943,0.805186036207863,0.959950389941132,0.9518202987593871,0.9119288436980272,0.7125814108619896,0.015645515097520407,0.9509572695674001,-0.4044553177006382,0.6568502727983953,0.9568246410362957,0.9239716566251048,0.739632278933663,0.9648501713937023
MO,0.9732695704624711,0.9490724086904743,0.8306828266238832,0.987557008496573,0.958532473942435,0.9748919594104029,0.9301443592014829,-0.533283281437752,0.9699795941068722,-0.24401751596992372,0.9499061141101685,0.8304523915254723,0.8796792779102647,0.6182442665801988,0.9610259354219924,0.3004216579524942,0.9556618064742223,0.8682908040717243,0.8013291107742855,0.9119368635756111,0.9615276373902206,0.9000215096558558,0.9151982102156255,0.906533962482345,0.9875728244218006,0.8194203667722719,0.9635686902723711,0.9619988046249482,1.0,0.9703643820085748,0.8463195356067513,0.4713331352044483,0.9763031665007842,0.7889887980286854,-0.6829525767399185,0.9416738070629951,0.9892403912425192,0.8634890525016344,0.9513814185551291,0.9319070663374033,0.9157064261768051,0.9755904416691391,0.6528823667394245,0.7086111396242203,0.9126352703401412,0.9245237760782793,0.9028426865945998,0.9718970959890478,0.9772892767267191,0.2757044786375771,0.8973692992527583,0.9540613266487069,0.24421097786800414,0.8277733644208337,-0.6067508558957779,0.9404627350276128,0.8570542007162951,0.8953833028166245,0.8160139611333205,0.9686075988669315,0.9878348053752494,0.9441636892851046,0.6491739257346107,0.2659477285778122,0.9779852076212827,-0.3981649415888911,0.46821152725891396,0.971188658758998,0.9071739855265737,0.788051202163555,0.9740580585404137
AMZN,0.9364868174362787,0.8889464782776534,0.6709302682690442,0.970802528446811,0.9541334438731244,0.9706144174148853,0.9144402196338921,-0.48764155151405675,0.9272451508755996,-0.2073275930704288,0.9045864496379721,0.7448166631283001,0.8384267577537468,0.6491860880519549,0.9075539664698657,0.33164377193776323,0.9376082113606681,0.8382352398458751,0.7305600812898281,0.8591455800420891,0.9628455063283524,0.8536946809469292,0.8796562380844293,0.8499573343960686,0.9531849866081792,0.7473833066382418,0.9540421688390104,0.9524442598838948,0.9703643820085748,1.0,0.7911609949564683,0.38399983260759674,0.9280782700075633,0.7277361359775094,-0.6500210120558381,0.9118439987211556,0.9610528030313961,0.7906744945543521,0.9000485075889293,0.8783049993615878,0.8894462457097381,0.9372776249999245,0.5698738137008637,0.7457134814634618,0.860313914190416,0.8800284355484497,0.8403716478055863,0.9395264728564502,0.9791125593582115,0.2100873170930699,0.8498135699879334,0.906290277942532,0.30903514156585127,0.7387749668745881,-0.6160747528149504,0.9023829521262146,0.8302009338626659,0.872106041056311,0.7514090336521685,0.9434919979873336,0.9620791817147959,0.8830087662606578,0.6727361740362899,0.1766896325922242,0.9342210809442667,-0.4301228325425553,0.45372928167589227,0.9333261062907128,0.8652362435837595,0.7263098113853628,0.9377427713331863
AEE,0.869955204474426,0.7916013284483642,0.8050121438646801,0.8035911925092629,0.84094004602291,0.8607653977632703,0.8853374618182039,-0.3036636872666726,0.7975189493600027,-0.226013820707069,0.9216660457137086,0.7885052164966535,0.83998270377859,0.456140105619199,0.8464093090560876,0.16543758234040476,0.8155947570026864,0.7011268992715394,0.8767267047239177,0.7070488043534431,0.8371435368208751,0.8410748475348384,0.7534394399974704,0.7556515798558918,0.8612282453746488,0.9560114263888414,0.7873865332025646,0.7846400746393742,0.8463195356067513,0.7911609949564683,1.0,0.7624861195696948,0.8769891799309172,0.7669006455693301,-0.3484040741198736,0.7543541070609223,0.9665055486068812,0.7771818259121084,0.7873030345584726,0.7683112551946191,0.820243580132025,0.8187105145854587,0.501837898187934,0.5595435635889363,0.8951512257848181,0.7351082416954866,0.8872303602420399,0.8178113277282227,0.8412746418331615,0.21891383772319412,0.9122093537443564,0.7361283628717439,0.2407777256644402,0.7922134964266527,-0.23517888574224827,0.8049756300580889,0.9009883491682741,0.7355424969523887,0.8771626784300495,0.808056185195213,0.80219158757687,0.8304582339987366,0.7954077414096707,0.5059112967497793,0.8317189334634549,0.10546936127852088,0.5513921784501377,0.8710203034113629,0.7372985152897621,0.8915316837322605,0.8659784525495491
AAL,0.5528204735235612,0.4688319409545832,0.8009362082828069,0.4354884151731597,0.4108409646991144,0.5406431865007583,0.6434990876251893,0.3023807972919554,0.5121695049813236,0.4551199708722444,0.6472285194859376,0.6029461357969894,0.44496871668184534,0.5401551681545892,0.4932896427497797,0.6996691135957183,0.5847376878312673,0.19283174692599891,0.6483859537020981,0.4306328445644261,0.4965628774312291,0.2583536052391213,0.5575001301765778,0.5233737809518573,0.5068058635936701,0.8306733877971206,0.504663892711453,0.5014233087210339,0.4713331352044483,0.38399983260759674,0.7624861195696948,1.0,0.5418634273727787,0.6319635055044989,0.3862096115722344,0.44970788643657106,0.8623133824031841,0.6263087607516027,0.5392010947843331,0.40222790470495373,0.6402714564267282,0.47168324034687065,0.02091340369156561,0.5618182726118132,0.7083109118191258,0.2670954422090175,0.7315361154665717,0.505725447106952,0.5205722312041706,-0.6395365919151748,0.7265431071049435,0.37225773642188154,0.6834351387637603,0.6354587733174435,0.23727522426938966,0.47298540512611104,0.6611013332908795,0.4200160952475505,0.713612761277022,0.5316026627019925,0.43527627148947107,0.5298781184831627,0.7790979445238132,0.39782097608877587,0.4720125542329685,0.46690241952935946,0.7053730594278005,0.5031748685597002,0.2947351892973281,0.7950407128779331,0.5090990995922914
AEP,0.9606614148826311,0.9539725334512202,0.8374049230747811,0.9701768252081199,0.9352958184282916,0.9517480476757516,0.9340941246990503,-0.49690585246331836,0.9486758054455297,-0.16608776956816548,0.9466610535728667,0.8712985231125987,0.8978121836910378,0.6307389451786135,0.9599965538980103,0.293006774239116,0.9287207950150422,0.8688077496490794,0.8268346112690665,0.9012966455627627,0.946311895416553,0.8522458266061845,0.8986775134282671,0.9123952295706766,0.987723864709073,0.8610512087773619,0.9630754591719917,0.9626376228483322,0.9763031665007842,0.9280782700075633,0.8769891799309172,0.5418634273727787,1.0,0.8306088293607505,-0.6150380272165397,0.9402371226176203,0.9833485477464806,0.8989362951177142,0.9361490350032563,0.9287152204867253,0.9029708363377904,0.9655090973007512,0.6828007888796477,0.7006573693884146,0.9268543797471642,0.9118158272551742,0.9111899523805087,0.970953348612097,0.9466256690212369,0.3000763835591677,0.9243851633487267,0.9287395723474701,0.27026825671468196,0.8506542607487753,-0.49928095057785793,0.9388569804686756,0.8998429806732575,0.9288990606972105,0.8439414794885093,0.9623812348837353,0.9557652731306773,0.9413817519401435,0.6624103768998211,0.3615428497617798,0.9584626422090231,-0.3225428281199868,0.5522224904098642,0.954881049837639,0.933496369386439,0.8142313349906751,0.9650519046240719
AXP,0.8512241776832479,0.8583349081001408,0.09374477908381866,0.8141725872865889,0.6902642166304478,0.7366328679522439,0.8010841690877798,-0.31549269165649346,0.8336020417992607,-0.05525164246260328,0.8179454131754065,0.9425869595910407,0.8194211323740237,0.6666057370954129,0.8334244019059268,0.395170689711614,0.7821199875295184,0.7821337042229417,0.7122279274203728,0.8792424407057121,0.8201368581809138,-0.721318690038436,0.8137749600387638,0.9258923852425553,0.8273564308100704,0.8262654743243436,0.7694804877651299,0.7724105803099998,0.7889887980286854,0.7277361359775094,0.7669006455693301,0.6319635055044989,0.8306088293607505,1.0,-0.4701198320711937,0.8508073490239838,0.7302455502310147,0.9277812523106438,0.8444398181313204,0.8888460439564827,0.8103519900141657,0.8497930239561496,0.7737582153751577,0.7022575933314117,0.8359301354477042,0.8245610240339538,0.829275992533614,0.8281939830779601,0.7767270514071398,0.32206349245389754,0.8249755403748332,0.8288040167118355,0.2991294178039548,0.8118320366269418,-0.3669834259504114,0.8785464103055646,0.7454476460808092,0.7873853728459062,0.8029285554703143,0.8344552552397179,0.80482669537855,0.8344844273178768,0.558524869276276,0.4721078674712979,0.8395145292948574,-0.16697821155772863,0.4884163782004815,0.7798239689609108,0.7451664290319505,0.8368308203012005,0.7891551833146822
AIG,-0.6423276350325158,-0.7003997713981928,0.8839361511531407,-0.6804357499690568,-0.664352203239896,-0.5366964514639063,-0.49913060118848784,0.7431368832416292,-0.6424560541587215,0.4774236697087793,-0.5711026680098364,-0.5949650848025614,-0.6548935319389659,-0.29771113078091005,-0.706179441348302,-0.15404853024596277,-0.5469967840991318,-0.7924940731290014,-0.5416041255706482,-0.6853504521994436,-0.5791427855634895,0.7188220609640942,-0.5387520463589458,-0.636368712547253,-0.6675898313522166,-0.30956651659604667,-0.516072777553933,-0.5195878075513345,-0.6829525767399185,-0.6500210120558381,-0.3484040741198736,0.3862096115722344,-0.6150380272165397,-0.4701198320711937,1.0,-0.6952056341256594,-0.10388759996266735,-0.3223810437002526,-0.6539098518414928,-0.7645830350422594,-0.467801036359846,-0.725717391376469,-0.7537657599690216,-0.2380431537686254,-0.49344768980654646,-0.8286365536868076,-0.4334678504526834,-0.6643143343365383,-0.6014867410196552,-0.6477088948576691,-0.4145849597290877,-0.7555500340083936,0.23901604039474186,-0.6674499029909379,0.8579803999792182,-0.6468132523019271,-0.24860867615297183,-0.5657008778638947,-0.5507543458421479,-0.5835121872298081,-0.717372395736522,-0.7158917848781204,0.006390730495273112,-0.12409907856073711,-0.7350300501727556,0.6830772958025768,0.11180537001935939,-0.7088408156672729,-0.7291180900119779,-0.37008640784494423,-0.6971334446201155
AMT,0.9122202597729416,0.9333855918236552,0.8632438659453016,0.9708414192210059,0.8861975098004465,0.9081202226658849,0.8999556338978331,-0.4427538540792533,0.9462633474421409,-0.041159626574774885,0.8892955287840733,0.8621611268416093,0.8679801415865538,0.760882689303059,0.9267002912555271,0.4791697327425361,0.8834256345325745,0.8953979233142989,0.7718582716353014,0.923761723259275,0.9257051408516699,0.8319683763375155,0.8696980306496327,0.9300814500295577,0.9588570893943598,0.7496933905202471,0.9578513403950611,0.958914442419205,0.9416738070629951,0.9118439987211556,0.7543541070609223,0.44970788643657106,0.9402371226176203,0.8508073490239838,-0.6952056341256594,1.0,0.9645356509288648,0.9078082528969663,0.9056053750903751,0.9383383254672066,0.8668446688991704,0.9611705171445798,0.7550204889186055,0.7556586447090333,0.8739465062721864,0.9342227793844814,0.8758038137130854,0.9480000562801029,0.9064842551151362,0.375205464018857,0.8532943306327538,0.947896918482516,0.32293863084086927,0.8406356286042675,-0.5984634751151913,0.9014046141992457,0.8369401199677375,0.9420091976605807,0.8115019438781368,0.9374935694033006,0.9342714264147947,0.9349196166858467,0.5322869356385442,0.33602734832045444,0.9369856272826839,-0.4643032668736619,0.4927956363845578,0.9190096605730873,0.9071271047574447,0.7155092194899286,0.9270307469687188
AWK,0.9608125802047299,0.8878024406214938,0.7555516093767057,0.9804196321459762,0.9190498778734209,0.9638915999629878,0.9363901387931847,-0.29688237927572614,0.9256851739907637,0.2034354951172865,0.9474934340853013,0.7236958417882203,0.8406132134035255,0.8888317611706249,0.9294635728828725,0.7491191306573811,0.9372527216778905,0.7930029149034037,0.8285414118451744,0.8269406545269447,0.97051304201252,0.867141080057167,0.878006072897749,0.82001310077882,0.9928136461444765,0.9172728822065273,0.9572563537795774,0.9573948281687314,0.9892403912425192,0.9610528030313961,0.9665055486068812,0.8623133824031841,0.9833485477464806,0.7302455502310147,-0.10388759996266735,0.9645356509288648,1.0,0.8346453419308899,0.8800930085283846,0.861982118747139,0.9373076597721666,0.9522610191151111,0.2285443853457123,0.938913639396815,0.9096555172154608,0.8949599946470045,0.9002441348363499,0.9563556134592677,0.9737488737233796,-0.6336405488124186,0.9400446654703472,0.8885897262515963,0.8479612469220793,0.7930475984292382,-0.23936048532177512,0.9178142960497158,0.9048650371249518,0.9574942952531753,0.879751968547754,0.969146734912105,0.9703722965462724,0.9262410219206785,0.9224808209540271,0.14122007520880783,0.9608592334840863,0.09477320259731019,0.7666708737405684,0.9673452878524632,0.9236982835289236,0.8495541395932098,0.9627508057001818
AMP,0.9379573983965313,0.9358875422132182,0.713496369320152,0.8767850930887916,0.75436606340394,0.8416801697487029,0.865090623550156,-0.3820610179819307,0.9195123142901623,-0.03332315618877224,0.8897997052882965,0.9505733178936785,0.8557805687642959,0.9245649554228547,0.9311882719168467,0.865559981648468,0.8970318843926566,0.7398412973783872,0.6826643294860922,0.9221962771665774,0.8869124521813673,-0.22722519757846377,0.9352023409017037,0.9663685354646385,0.8808071081095342,0.8634955881911214,0.8886571234141181,0.8898042526872304,0.8634890525016344,0.7906744945543521,0.7771818259121084,0.6263087607516027,0.8989362951177142,0.9277812523106438,-0.3223810437002526,0.9078082528969663,0.8346453419308899,1.0,0.9450101952164325,0.9360333877707535,0.9107495431542968,0.9313002588956557,0.6234324511414692,0.9307010483252965,0.8818979752886945,0.8652550290373405,0.8985141866491463,0.9253517904138185,0.8691655531811358,-0.3099691386369538,0.8402919937213358,0.8815716934142934,0.7665980681546636,0.8984201094064113,-0.26771876010131535,0.9315018897626959,0.8240493916779079,0.8372276647509962,0.8382088773604413,0.9295842727570746,0.8788927948490044,0.8683416458376425,0.714519329280151,0.1031066462052119,0.9193627910226617,-0.2061898064849444,0.6791831192318786,0.8623120342159684,0.8205651621353678,0.8486683180857794,0.8798775351828073
ABC,0.9594013626510337,0.9690658499324185,0.8419109651922021,0.9451269920003722,0.8822526594664305,0.9228954228407678,0.8910261525130365,-0.5357563794450029,0.9719831066845825,-0.23771314916042996,0.9301374685819851,0.8890650807644275,0.8460682816365032,0.6081784334122696,0.9458870453396379,0.30838375095214554,0.9566483953669681,0.8058951855039928,0.7423035665576896,0.9539831610530631,0.9147084230377109,0.4490351848869726,0.9674089656236409,0.961966720079473,0.9351265485019478,0.8198854532370783,0.9185285359236798,0.9166553046368976,0.9513814185551291,0.9000485075889293,0.7873030345584726,0.5392010947843331,0.9361490350032563,0.8444398181313204,-0.6539098518414928,0.9056053750903751,0.8800930085283846,0.9450101952164325,1.0,0.9443664998192947,0.9312085702630118,0.9565481153660524,0.6898260306558709,0.7164073872834988,0.9164183898368514,0.9067668694633985,0.9232451787936704,0.9570062292132091,0.9397565223720443,0.23624655448228835,0.8696332179597871,0.9541263571900408,0.22575084718178404,0.8331300042174532,-0.5780019494717336,0.9426858842234099,0.8103988653151654,0.8353355053990064,0.7808919886075548,0.9586895421255603,0.9663420874171451,0.9121160413312851,0.6139007137800286,0.28097807373251893,0.9607419171098589,-0.3854091344913602,0.48110662272896126,0.9206834747024204,0.857690653150414,0.7988618903983603,0.9328659682297046
AME,0.937784692692269,0.9685567306371722,0.6462249514793665,0.9507366785647425,0.8687315620188985,0.8670869524892943,0.8504939414365542,-0.6002451526517494,0.9463572041930117,-0.2758026617155599,0.8997864846638279,0.9400674675391224,0.9056795152029312,0.602195339381573,0.9528808558831282,0.3051693142127007,0.875019280126853,0.9154896861080148,0.7832519484078425,0.9569417711874214,0.8999735612188525,-0.1415908500281334,0.8804901267093732,0.9736787207761867,0.9387342940126195,0.7790301930546241,0.9162705163196891,0.9180598828937775,0.9319070663374033,0.8783049993615878,0.7683112551946191,0.40222790470495373,0.9287152204867253,0.8888460439564827,-0.7645830350422594,0.9383383254672066,0.861982118747139,0.9360333877707535,0.9443664998192947,1.0,0.844680323216933,0.9683932701642609,0.840337789902139,0.639854693277951,0.8819524021360441,0.9796035500557891,0.8533014766094668,0.9431054243319724,0.8918448624083882,0.4535811179865956,0.8311204314106914,0.9618278280140036,0.11882182287756919,0.8845624142712962,-0.6357312584584305,0.9527941818797276,0.7852081338445577,0.8678607830594406,0.8337277956370188,0.9143930957381299,0.9514291031208006,0.9448600472224746,0.4835688137668699,0.37182741044790074,0.9676125357385632,-0.4282713722554404,0.3721547962115345,0.9261329658183303,0.9092817966159789,0.7842977340875656,0.9290935393668354
AMGN,0.9231097212958289,0.9029285773308899,0.9480566910437618,0.9093875763367,0.852160774863581,0.9343137558582515,0.9131564584211522,-0.34285586323754,0.9376985998216285,-0.08958637864789544,0.9019992423934905,0.7959278450317447,0.7613263072921169,0.6584327280348518,0.8613174450468247,0.3588116300024871,0.9582113236919055,0.6767604663542094,0.6617100458320517,0.89584992224512,0.9180916931439472,0.7840775839076336,0.9598748671533658,0.9055938002642834,0.8992896183950357,0.8533463638281921,0.9057889339951516,0.9028496147114597,0.9157064261768051,0.8894462457097381,0.820243580132025,0.6402714564267282,0.9029708363377904,0.8103519900141657,-0.467801036359846,0.8668446688991704,0.9373076597721666,0.9107495431542968,0.9312085702630118,0.844680323216933,1.0,0.8931832912885002,0.5079449635951659,0.8083391301583818,0.8906287412126195,0.7878169151599062,0.9096764742381939,0.9199999964404161,0.942295557072268,0.0027349490620215905,0.8613186886481432,0.8662761884599407,0.4207263761384729,0.7169559186351127,-0.4722774214083543,0.9016439281847534,0.8329526908508907,0.8045029443089364,0.7161513425727043,0.9516656160832327,0.9103247677402801,0.8162228387951895,0.7375409145056662,0.16521392667042606,0.8888776215800959,-0.281353125075371,0.5756084261622285,0.8659366687979385,0.7813139642480417,0.802583840897753,0.8785226266214584
APH,0.9736428297761975,0.9693101318746244,0.9032706688537635,0.9801857445812796,0.937594184868626,0.9423624245813638,0.9295409775378533,-0.5509158427154878,0.9667405927153917,-0.22616742658935007,0.9448905516407203,0.898666038562636,0.9232933937409148,0.6466716211450217,0.9840491228024495,0.34208094341165673,0.9273840896100775,0.908442496626979,0.8242249037569838,0.9314159835117748,0.9507032000852489,0.8224966884196518,0.9052919019036947,0.944620205944937,0.9786748436356951,0.8218006465368923,0.9680837482025622,0.9682107347672495,0.9755904416691391,0.9372776249999245,0.8187105145854587,0.47168324034687065,0.9655090973007512,0.8497930239561496,-0.725717391376469,0.9611705171445798,0.9522610191151111,0.9313002588956557,0.9565481153660524,0.9683932701642609,0.8931832912885002,1.0,0.762341621889377,0.7034944941604319,0.9089724375057536,0.9587286451189625,0.9021201104470896,0.9817668814413255,0.9536471864855056,0.392523455786512,0.8821797791569324,0.9643292110692432,0.2422092464203539,0.888846152004009,-0.5990425211574467,0.9497184892931411,0.8632376115015922,0.9007957963173036,0.8538853163658843,0.9575729354271789,0.9717084488039388,0.9489242909537265,0.5979789091726836,0.3630865051877584,0.9840602468351778,-0.3946836380766372,0.4845237328444213,0.9685097454392166,0.9327561207802153,0.8014408239333972,0.9779524284001561
APC,0.6798262946011643,0.7557585253243367,-0.39783517793460454,0.6722679654280279,0.5977711996589865,0.49533782289610756,0.5724630014234212,-0.5171259656512519,0.6520340782750532,-0.20804682576981906,0.6420469347542704,0.8443720833380496,0.7855053388641823,0.4437907353424675,0.7681162596581987,0.20707958105711685,0.5328930677900477,0.8503110216800733,0.6740101378574516,0.7429620397307957,0.592396281643377,-0.6580528080769132,0.5661112675845927,0.7562465113699856,0.696225550106772,0.5324841123153004,0.5267618848671916,0.5337375262878999,0.6528823667394245,0.5698738137008637,0.501837898187934,0.02091340369156561,0.6828007888796477,0.7737582153751577,-0.7537657599690216,0.7550204889186055,0.2285443853457123,0.6234324511414692,0.6898260306558709,0.840337789902139,0.5079449635951659,0.762341621889377,1.0,0.36414358609284575,0.6175797879569304,0.8538459788957944,0.5787100706104328,0.7049163899813048,0.5720280313281689,0.7623208630138991,0.5782687589495765,0.7655531087876167,-0.08529990943046509,0.8281123794938567,-0.52814956949826,0.7320441275695676,0.4300607160031557,0.6764711354935481,0.7348581677387477,0.6311784980582485,0.6768495868784542,0.7755798421922382,0.10614307164249097,0.5541604097263921,0.7475602538675941,-0.3997115673159585,0.1829487952807938,0.6921379702924613,0.7702991289366619,0.5768882143361579,0.696428120084027
ADI,0.7048116569726252,0.6793399664773896,0.8414588491171532,0.9066697211925158,0.625204165452955,0.9050164678272193,0.7544987689558922,-0.038654726173575404,0.9126153383347165,0.2768897887363544,0.6644995130832053,0.588690602614217,0.5469500051534766,0.847446468560441,0.6382793848853747,0.5498617670488959,0.7897678954268611,0.5289329201704309,0.4084174270233439,0.7323101798513633,0.9249649893490604,0.8113812440393331,0.7917198432059416,0.8752254113869784,0.7129252260021951,0.5940570674959185,0.9179459508187924,0.9166341234013045,0.7086111396242203,0.7457134814634618,0.5595435635889363,0.5618182726118132,0.7006573693884146,0.7022575933314117,-0.2380431537686254,0.7556586447090333,0.938913639396815,0.9307010483252965,0.7164073872834988,0.639854693277951,0.8083391301583818,0.7034944941604319,0.36414358609284575,1.0,0.6731575841885186,0.5807456176543679,0.8600158473574704,0.737614929835046,0.7612941487385253,-0.12827988326363868,0.6872357058269388,0.6932015643549717,0.7342581298043478,0.4512155706079699,-0.2901107121293585,0.711121390950471,0.8102927234419826,0.7385087311117526,0.4860051771750567,0.8164147156813558,0.7139481804979042,0.5999798377684172,0.6368081850930156,0.06114880390747098,0.6624141636628654,-0.3422526130754421,0.621321932094483,0.6162767145329837,0.5833921393680872,0.5394118291919867,0.6394717803665645
ANDV,0.9138051244729902,0.910358811343989,0.7602741006581106,0.8982890467560992,0.881539418322555,0.9039672598909546,0.9267198990677961,-0.3961469915769449,0.9038476935691936,-0.1609621615562586,0.9619237377223222,0.8858443958794191,0.854867514637491,0.5923200996674863,0.9128609153456727,0.33609490629727534,0.9104720699695656,0.7558758645519574,0.8372387073323819,0.8508034101587877,0.8785010081666765,0.6849396283956628,0.8815183185463621,0.8883612901893376,0.9102469276953522,0.9076392054838137,0.8853051564064764,0.882050601259203,0.9126352703401412,0.860313914190416,0.8951512257848181,0.7083109118191258,0.9268543797471642,0.8359301354477042,-0.49344768980654646,0.8739465062721864,0.9096555172154608,0.8818979752886945,0.9164183898368514,0.8819524021360441,0.8906287412126195,0.9089724375057536,0.6175797879569304,0.6731575841885186,1.0,0.8463944503448536,0.9512027493811787,0.9109076681610228,0.9010731822504677,0.23346386788232976,0.9098851343451064,0.866071275400264,0.2637033142834904,0.8518777204265164,-0.3881531504876818,0.8647535183993048,0.8921535835848153,0.8357983446890915,0.8699955639825049,0.9034129561123355,0.8945274040805293,0.8998615012015172,0.7197035514275365,0.4571831216676846,0.9068444582486045,-0.11826332539681185,0.6049260544659972,0.9125651963854813,0.8283065447017807,0.855778876350926,0.9214623647179163
ANSS,0.9112570283142998,0.9416856950457352,0.6769691348565235,0.9475080882546507,0.8791229003815075,0.8507464101526696,0.8265816067031948,-0.6246886479051332,0.914808966078909,-0.30487294623450883,0.8791455294834912,0.8999886497649465,0.9157371143021965,0.5701221486133969,0.9460146339456575,0.28542459755071936,0.8306094165466831,0.946483549523948,0.8078703295835977,0.9096573877131593,0.8800582560133976,0.7494791361333341,0.8156704337281114,0.9222256378724469,0.9321966708745558,0.7231778930715462,0.9133799915533344,0.9158967398838349,0.9245237760782793,0.8800284355484497,0.7351082416954866,0.2670954422090175,0.9118158272551742,0.8245610240339538,-0.8286365536868076,0.9342227793844814,0.8949599946470045,0.8652550290373405,0.9067668694633985,0.9796035500557891,0.7878169151599062,0.9587286451189625,0.8538459788957944,0.5807456176543679,0.8463944503448536,1.0,0.8137636841032966,0.9215976087295745,0.8724325794162288,0.5423521895462554,0.8033671110145232,0.9531437500621515,0.05204047529810922,0.8830201622662897,-0.6831630845200422,0.9189236527166974,0.7572126848703348,0.8642020416984104,0.8334593508915452,0.8798000059171256,0.9354797934637947,0.9531001301975454,0.4208879436377039,0.3765746167319325,0.9549049000560921,-0.4657782699203789,0.30970942493938447,0.9282001893410794,0.9214446756059398,0.7354743777954474,0.9292732236771654
ANTM,0.9233516227181142,0.8875534856431005,0.9085717493917636,0.882797135010555,0.8628299465998192,0.9089124513905711,0.9396263894129344,-0.2551394532605002,0.9207225038815156,0.32574265668867847,0.9760771088025698,0.8602982554085544,0.8446456271492686,0.8722591019020243,0.9219136192972062,0.850757832863023,0.9175181425608979,0.7221692176134323,0.8418809119532916,0.8398189317950701,0.8709763413814103,0.6759250205670159,0.9040925174331856,0.8786359429563337,0.899957384065375,0.9062539671572708,0.8648524907601098,0.8605882912214615,0.9028426865945998,0.8403716478055863,0.8872303602420399,0.7315361154665717,0.9111899523805087,0.829275992533614,-0.4334678504526834,0.8758038137130854,0.9002441348363499,0.8985141866491463,0.9232451787936704,0.8533014766094668,0.9096764742381939,0.9021201104470896,0.5787100706104328,0.8600158473574704,0.9512027493811787,0.8137636841032966,1.0,0.9074349748532998,0.8926878956475899,0.12126897884888808,0.8994735027359876,0.8571881729927907,0.6426118375947849,0.8646077976047664,-0.34161898994819123,0.8457855946190463,0.8742683943678572,0.8201573886264807,0.8813984339672415,0.9103218000419859,0.8835558925042444,0.891976806542664,0.7277724129731892,0.40895014858695217,0.9083482196120207,-0.1803991675643738,0.7573621111204434,0.9199132885519484,0.7830980091595273,0.8571362468651885,0.922064278259465
AON,0.9638576624727445,0.963790989929097,0.9274329284872336,0.9734054203670267,0.9384951140611252,0.956091070306659,0.9401345488714846,-0.5085140551443892,0.9641698299654881,-0.16342692787113894,0.9433479968341388,0.8760584772483905,0.8922980835224532,0.6661344167417966,0.9657807409873764,0.33826864056853156,0.9439450164346908,0.8618612636071227,0.7812309777287055,0.9274513823863425,0.9540452094209251,0.8887438233073641,0.9284014591779115,0.9375525651331549,0.9750396276910487,0.8211134056777868,0.9689690406654882,0.9685281059217745,0.9718970959890478,0.9395264728564502,0.8178113277282227,0.505725447106952,0.970953348612097,0.8281939830779601,-0.6643143343365383,0.9480000562801029,0.9563556134592677,0.9253517904138185,0.9570062292132091,0.9431054243319724,0.9199999964404161,0.9817668814413255,0.7049163899813048,0.737614929835046,0.9109076681610228,0.9215976087295745,0.9074349748532998,1.0,0.9629942966918659,0.3003939893516664,0.8751038692513975,0.942607384271053,0.3065114520813584,0.8582397850821029,-0.5599861848422967,0.9467409258118488,0.8776566393369258,0.9125612109539971,0.8186436877186437,0.9749977885321252,0.96431830050555,0.9150665298301772,0.6345533522768234,0.3315500894404082,0.9626209079355375,-0.3956222684627462,0.5540751469950768,0.9570084660619376,0.9366811927421456,0.7900035270156778,0.9688981184375778
AOS,0.9684701280054164,0.91972883751109,0.8106729630289335,0.9684951226285288,0.9468180965135925,0.9844242278139663,0.9412968024170939,-0.4661385385878833,0.9494779409024321,-0.21618476999589645,0.9405378845584729,0.7978694769676699,0.8535375007623518,0.6368217998806539,0.9290380706133854,0.3161746645837698,0.9693787687637485,0.8125793031348691,0.7515981511970579,0.8819852106581861,0.9737763942481773,0.9019955277492239,0.9228038720013678,0.8887976589338007,0.961844543182393,0.8307449719907635,0.9603250224929377,0.9582429473037559,0.9772892767267191,0.9791125593582115,0.8412746418331615,0.5205722312041706,0.9466256690212369,0.7767270514071398,-0.6014867410196552,0.9064842551151362,0.9737488737233796,0.8691655531811358,0.9397565223720443,0.8918448624083882,0.942295557072268,0.9536471864855056,0.5720280313281689,0.7612941487385253,0.9010731822504677,0.8724325794162288,0.8926878956475899,0.9629942966918659,1.0,0.15975997455927496,0.8887521588617671,0.9120649116482649,0.3384482818973897,0.7777468798497451,-0.563455990262762,0.933982167922303,0.8689773941604243,0.8626070889818822,0.7762164474001588,0.9685718963480783,0.9670876076659014,0.8846516380817259,0.7362055821140064,0.21415963522791515,0.9491285826788468,-0.3462931035348783,0.5176445983146489,0.9420319558459277,0.8641712782268173,0.8040964897810042,0.9515345037249753
APA,0.29002247053872376,0.3292344352180655,-0.5695827981984498,0.21906468333081625,0.3297136369958978,0.046191515804857204,0.22463758706247045,-0.41923076541022053,0.13740612415435607,-0.2863676581335761,0.3005555451320461,0.4584897235943456,0.5615205218210146,0.08982480811778183,0.4450796948820687,0.014695950112860926,0.07211383002210274,0.6197643296741161,0.5687039970951943,0.2567359406318744,0.15320415339398827,-0.6634393626082061,0.06133639540225377,0.2213542436315508,0.32746729616283693,0.17784329991350653,-0.1788180442709976,-0.16994073930778317,0.2757044786375771,0.2100873170930699,0.21891383772319412,-0.6395365919151748,0.3000763835591677,0.32206349245389754,-0.6477088948576691,0.375205464018857,-0.6336405488124186,-0.3099691386369538,0.23624655448228835,0.4535811179865956,0.0027349490620215905,0.392523455786512,0.7623208630138991,-0.12827988326363868,0.23346386788232976,0.5423521895462554,0.12126897884888808,0.3003939893516664,0.15975997455927496,1.0,0.2140130001576944,0.3643275982646215,-0.36835757530271274,0.5966298105266747,-0.30502062572792604,0.2692138618696519,-0.09794718460907371,0.30271581877206394,0.5541168902473509,0.1615123999151596,0.26991653642256935,0.4712741383898404,-0.19820718678274996,0.6362371297938201,0.3808537555685045,-0.17215622309713322,-0.09464025894070657,0.4094927247551238,0.462401203958086,0.2243609887872607,0.39398233082477224
AIV,0.8978611616705868,0.8536195130050713,0.8489110401769348,0.8783608085802362,0.8531244466458144,0.8926204430267396,0.9008207719141619,-0.3201115697536301,0.8592059633247131,-0.12234386800558142,0.9128160697457278,0.835361696523112,0.8470712672174534,0.6130917600565248,0.8846248141431815,0.31208760407321795,0.876584820400441,0.7893053061464484,0.8639377186472205,0.7986780785047757,0.8690221164543563,0.9144465263872327,0.8253263278362771,0.8213844872542502,0.9162729711701246,0.9079304306994399,0.8506328858888687,0.84884027717525,0.8973692992527583,0.8498135699879334,0.9122093537443564,0.7265431071049435,0.9243851633487267,0.8249755403748332,-0.4145849597290877,0.8532943306327538,0.9400446654703472,0.8402919937213358,0.8696332179597871,0.8311204314106914,0.8613186886481432,0.8821797791569324,0.5782687589495765,0.6872357058269388,0.9098851343451064,0.8033671110145232,0.8994735027359876,0.8751038692513975,0.8887521588617671,0.2140130001576944,1.0,0.8347111872790725,0.32747160422409044,0.7969879277806704,-0.31250040496302006,0.863670150613858,0.9075129128813141,0.8478150422553361,0.843612710692118,0.8878660463436139,0.8686809266542896,0.9079598736150037,0.7821536365462727,0.4703236426236981,0.8795729585124732,-0.07820748978621923,0.5906674829648537,0.8773167697719484,0.8015002472232488,0.8662420302079088,0.8872564996329717
AAPL,0.9335921963141094,0.9604527056427624,0.8910543114868501,0.9559957440241797,0.8755984366788628,0.8863800286957274,0.8509253896527775,-0.5762981457143324,0.9572547648175684,-0.2359996918469465,0.8894454843620565,0.8694710754794186,0.8493516254046275,0.6311119260396247,0.9442725300215912,0.340269109815711,0.9045944126400524,0.8863086015450063,0.7529881029000647,0.9616802573114684,0.9080913827556761,0.5812575572658341,0.9034023909877429,0.9423441555856087,0.9441312865039455,0.7361421160475308,0.9004544758657927,0.9002417492014415,0.9540613266487069,0.906290277942532,0.7361283628717439,0.37225773642188154,0.9287395723474701,0.8288040167118355,-0.7555500340083936,0.947896918482516,0.8885897262515963,0.8815716934142934,0.9541263571900408,0.9618278280140036,0.8662761884599407,0.9643292110692432,0.7655531087876167,0.6932015643549717,0.866071275400264,0.9531437500621515,0.8571881729927907,0.942607384271053,0.9120649116482649,0.3643275982646215,0.8347111872790725,1.0,0.18000422901281496,0.8318825234955941,-0.6628592683641517,0.936681357691149,0.7443662833145959,0.8770315635776083,0.7865450752387093,0.9364231541538924,0.9690884679798757,0.9441078481924416,0.48250935557896796,0.2723551680015427,0.970093986538012,-0.5071801750694502,0.37719346098029943,0.9194135893196766,0.8856941625542508,0.7400960846873821,0.9213541673897939
AMAT,0.2540883625215164,0.18567776769226318,0.7165117334915925,0.573032867752859,0.2313248886856697,0.6832390014674358,0.4125850975893877,0.39873237236410186,0.583932629159512,0.5249150369021726,0.24882461723099522,0.14039623889436245,0.1272638339734701,0.7279184692085605,0.19621190298583463,0.5926739397799227,0.36561875664939575,0.06112652083546249,0.0683283584947774,0.23453883585457375,0.6470586154563366,0.5061879437181357,0.36089514386463906,0.5263409278887475,0.27056814620180325,0.27951190662927217,0.7368905305787107,0.7357701593851284,0.24421097786800414,0.30903514156585127,0.2407777256644402,0.6834351387637603,0.27026825671468196,0.2991294178039548,0.23901604039474186,0.32293863084086927,0.8479612469220793,0.7665980681546636,0.22575084718178404,0.11882182287756919,0.4207263761384729,0.2422092464203539,-0.08529990943046509,0.7342581298043478,0.2637033142834904,0.05204047529810922,0.6426118375947849,0.3065114520813584,0.3384482818973897,-0.36835757530271274,0.32747160422409044,0.18000422901281496,1.0,0.06263589867287583,0.2278189638007385,0.2093324661526778,0.8113758940277817,0.35467298689395793,0.1333056489003725,0.3842649413512113,0.20736005429015386,0.09986707765706516,0.5451790425767448,-0.00623759775844945,0.1656057185227119,0.004929095413907247,0.6355343669631288,0.17308826915948763,0.1695768518527182,0.1844597340636708,0.20834722172106102
ADM,0.8559443799711757,0.8637141997382568,0.768558266423407,0.8195030455629039,0.8176700600879849,0.7801009377667856,0.8193795816890018,-0.4847959378796093,0.8326551027747823,-0.2607801608502804,0.8809094962875673,0.9082626555558401,0.9049524349154559,0.48962602103440334,0.9185536369625473,0.2760423276816948,0.7451049630003684,0.8482484617986205,0.8849316629619506,0.7887330285388207,0.7817536913669292,-0.038052563723897606,0.732358174396319,0.8477050085281952,0.8567825531226023,0.8032549924440389,0.821597055208003,0.8218530447695714,0.8277733644208337,0.7387749668745881,0.7922134964266527,0.6354587733174435,0.8506542607487753,0.8118320366269418,-0.6674499029909379,0.8406356286042675,0.7930475984292382,0.8984201094064113,0.8331300042174532,0.8845624142712962,0.7169559186351127,0.888846152004009,0.8281123794938567,0.4512155706079699,0.8518777204265164,0.8830201622662897,0.8646077976047664,0.8582397850821029,0.7777468798497451,0.5966298105266747,0.7969879277806704,0.8318825234955941,0.06263589867287583,1.0,-0.43283102158604464,0.8068660813415846,0.840545308943704,0.7675834484187711,0.9052022642077147,0.7816189480989175,0.8107822850003634,0.8908027481238833,0.4796247107194445,0.6316842034743856,0.8772972278311885,-0.15734575062053435,0.4487937716136788,0.8961617344116344,0.8446906937412524,0.7885864498759064,0.897471128128401
ARNC,-0.5358555561652886,-0.5920118205488655,0.3105707198018159,-0.6018819817153983,-0.5414209984022289,-0.4762769705135215,-0.3999185592211906,0.6207408554847561,-0.5650923840894235,0.3870298953135183,-0.4513404872798127,-0.42136203177857007,-0.44650530075845063,-0.23671857565093793,-0.527610656385428,-0.09856995530449095,-0.5242934948219331,-0.6283706273921805,-0.2944227969257336,-0.6271491456086838,-0.5181742705332317,-0.5112587343973148,-0.5075059017793558,-0.5428313540998423,-0.566726562805346,-0.19264865913527016,-0.4718233783177103,-0.4737185507738046,-0.6067508558957779,-0.6160747528149504,-0.23517888574224827,0.23727522426938966,-0.49928095057785793,-0.3669834259504114,0.8579803999792182,-0.5984634751151913,-0.23936048532177512,-0.26771876010131535,-0.5780019494717336,-0.6357312584584305,-0.4722774214083543,-0.5990425211574467,-0.52814956949826,-0.2901107121293585,-0.3881531504876818,-0.6831630845200422,-0.34161898994819123,-0.5599861848422967,-0.563455990262762,-0.30502062572792604,-0.31250040496302006,-0.6628592683641517,0.2278189638007385,-0.43283102158604464,1.0,-0.5917720365541635,-0.15506818898216396,-0.4774864992099,-0.3324519202747618,-0.5382034742613032,-0.6594798953049993,-0.5825819874664553,0.028041705238672856,0.20889556103304188,-0.6211976802960122,0.765555049414228,0.21182831715987535,-0.566330644668228,-0.5630342462602896,-0.2671694294303507,-0.5509025273366468
AJG,0.956522748921439,0.95390607578481,0.804342901549251,0.9548162612305595,0.8603977888505964,0.8992635363034179,0.861361387477719,-0.5430306560244526,0.9418443659943281,-0.26699049006831777,0.8922771057702394,0.89541470988585,0.8672589381732222,0.5847520501117609,0.923623382059042,0.22646555061982265,0.9078511288197424,0.8678761057276776,0.7297627215183674,0.9393456875531064,0.946068645672541,0.536187701224344,0.9009613749826625,0.9545944058492815,0.9453326787198387,0.8195657006423186,0.9171142127295279,0.9184204722144939,0.9404627350276128,0.9023829521262146,0.8049756300580889,0.47298540512611104,0.9388569804686756,0.8785464103055646,-0.6468132523019271,0.9014046141992457,0.9178142960497158,0.9315018897626959,0.9426858842234099,0.9527941818797276,0.9016439281847534,0.9497184892931411,0.7320441275695676,0.711121390950471,0.8647535183993048,0.9189236527166974,0.8457855946190463,0.9467409258118488,0.933982167922303,0.2692138618696519,0.863670150613858,0.936681357691149,0.2093324661526778,0.8068660813415846,-0.5917720365541635,1.0,0.7920638448439601,0.8639976704166745,0.7791445386679078,0.9488210343389779,0.9538306080121588,0.9021413162463214,0.5935538808232494,0.2560523897997559,0.9543303467519871,-0.3899764038961242,0.4169352871507787,0.9010407340868317,0.8848520740168219,0.833557670518934,0.9103425022042231
AIZ,0.8632222633256842,0.8111756152969759,0.8160741794558832,0.8410568252947648,0.8887021456543185,0.8962315519799836,0.9399809329962173,-0.2965136058803586,0.829400816272114,0.23836978133426195,0.9250303436766043,0.7844305432481995,0.899201177490364,0.8632780606904098,0.8905385934564706,0.7976626620952378,0.8524344634858302,0.6990804987179747,0.8917848780643576,0.7311739393593203,0.8532865566427807,0.8205387452810246,0.8066557434627303,0.7827638700108737,0.8772564870322108,0.8742769280400498,0.8963738632970473,0.894632763734199,0.8570542007162951,0.8302009338626659,0.9009883491682741,0.6611013332908795,0.8998429806732575,0.7454476460808092,-0.24860867615297183,0.8369401199677375,0.9048650371249518,0.8240493916779079,0.8103988653151654,0.7852081338445577,0.8329526908508907,0.8632376115015922,0.4300607160031557,0.8102927234419826,0.8921535835848153,0.7572126848703348,0.8742683943678572,0.8776566393369258,0.8689773941604243,-0.09794718460907371,0.9075129128813141,0.7443662833145959,0.8113758940277817,0.840545308943704,-0.15506818898216396,0.7920638448439601,1.0,0.8514296007008284,0.8855213341131457,0.8606134549669298,0.8120007424161658,0.8277856206392697,0.8207169145591725,0.35245513145888696,0.8265067575254175,-0.0741082126533933,0.8450412933529404,0.8952132407383038,0.8153367730084584,0.8039601299303099,0.9038088150700946
T,0.8466092498560115,0.8855095820950393,0.623242038394995,0.9368795809442647,0.8451368308819384,0.8837532674417978,0.8594847319375196,-0.4298478700855251,0.8777990472111514,0.057409676640284686,0.830318034250435,0.8065995739472228,0.8209594631767368,0.7329580978569552,0.8693679240790786,0.41565792726286005,0.8296687965533638,0.8604753261356819,0.7196139540152564,0.8502961047090275,0.9007885018083267,0.7816007132575066,0.8055994743287647,0.8657305893547678,0.9264346253605691,0.720304561043537,0.9251796733257585,0.9272522180243943,0.8953833028166245,0.872106041056311,0.7355424969523887,0.4200160952475505,0.9288990606972105,0.7873853728459062,-0.5657008778638947,0.9420091976605807,0.9574942952531753,0.8372276647509962,0.8353355053990064,0.8678607830594406,0.8045029443089364,0.9007957963173036,0.6764711354935481,0.7385087311117526,0.8357983446890915,0.8642020416984104,0.8201573886264807,0.9125612109539971,0.8626070889818822,0.30271581877206394,0.8478150422553361,0.8770315635776083,0.35467298689395793,0.7675834484187711,-0.4774864992099,0.8639976704166745,0.8514296007008284,1.0,0.7352946058009262,0.9113841416508155,0.8736546954340079,0.8726982658947325,0.5533080971475018,0.3344735670009124,0.8617334591916974,-0.42224275546144885,0.5908744028655226,0.853562794248418,0.9145953756251706,0.6779554051310063,0.8707308677728846
ADSK,0.8476556399519223,0.8023440684237364,0.8019835418772462,0.8019355731744958,0.8232176025904248,0.7897166080172594,0.8519570643383155,-0.33971259919911184,0.79912599654869,-0.2314554527029356,0.8985011208424724,0.8647512413628874,0.9047970598153074,0.5189408630692065,0.8869166184518408,0.27280285617806316,0.738619532022474,0.8257898402742577,0.94088369343565,0.7220833119149782,0.7822179945663641,0.5866382221897133,0.6865343002995082,0.7814142090425369,0.846047162917061,0.8598945194118194,0.8055875631669324,0.805186036207863,0.8160139611333205,0.7514090336521685,0.8771626784300495,0.713612761277022,0.8439414794885093,0.8029285554703143,-0.5507543458421479,0.8115019438781368,0.879751968547754,0.8382088773604413,0.7808919886075548,0.8337277956370188,0.7161513425727043,0.8538853163658843,0.7348581677387477,0.4860051771750567,0.8699955639825049,0.8334593508915452,0.8813984339672415,0.8186436877186437,0.7762164474001588,0.5541168902473509,0.843612710692118,0.7865450752387093,0.1333056489003725,0.9052022642077147,-0.3324519202747618,0.7791445386679078,0.8855213341131457,0.7352946058009262,1.0,0.7621024201106036,0.7841232411762885,0.8885187469663277,0.588879061613206,0.6774576088935828,0.857970087136249,-0.008810013753931851,0.46157621890818135,0.8862337600196425,0.7883912979821978,0.8424895719128825,0.881190429747654
ADP,0.9568188009299258,0.9477802857217285,0.9046524185387959,0.9769857361112815,0.9045932233850213,0.961196138098076,0.9315513246279595,-0.44437028221412533,0.9727126917514035,-0.09265681136674325,0.9203851639658346,0.839300386967077,0.8333889715727972,0.7065193067173542,0.9303607116450529,0.3664073494535288,0.9704161125775754,0.8119188090865964,0.7143794161519048,0.9346615065799467,0.9614356189802914,0.8499966356950689,0.9529589546538109,0.9399273474677872,0.9636770954803177,0.8189615328228071,0.9606586050369734,0.959950389941132,0.9686075988669315,0.9434919979873336,0.808056185195213,0.5316026627019925,0.9623812348837353,0.8344552552397179,-0.5835121872298081,0.9374935694033006,0.969146734912105,0.9295842727570746,0.9586895421255603,0.9143930957381299,0.9516656160832327,0.9575729354271789,0.6311784980582485,0.8164147156813558,0.9034129561123355,0.8798000059171256,0.9103218000419859,0.9749977885321252,0.9685718963480783,0.1615123999151596,0.8878660463436139,0.9364231541538924,0.3842649413512113,0.7816189480989175,-0.5382034742613032,0.9488210343389779,0.8606134549669298,0.9113841416508155,0.7621024201106036,1.0,0.9647005070846885,0.8915166308693303,0.676614894658323,0.23254864872176617,0.9426560276208954,-0.4092705315597113,0.5758972431090632,0.917785657313521,0.8859061593882308,0.7823258236880659,0.9319918106789463
AZO,0.9673865602551898,0.955643712874183,0.8576074596782618,0.9868921427026353,0.9315248237674566,0.9561342902311369,0.8980944315934172,-0.5701660858201307,0.9804974471814255,-0.28025857815185645,0.9293344293816022,0.8417006354051473,0.8572310477092291,0.6121821321395277,0.9510434650195192,0.3005113125206322,0.9564640155014645,0.8694117450383084,0.7553465779847158,0.9425191104524798,0.9535552002993615,0.929691479362878,0.9307635987232176,0.9326065169275001,0.971893139358235,0.7818918639206308,0.9529809409877323,0.9518202987593871,0.9878348053752494,0.9620791817147959,0.80219158757687,0.43527627148947107,0.9557652731306773,0.80482669537855,-0.717372395736522,0.9342714264147947,0.9703722965462724,0.8788927948490044,0.9663420874171451,0.9514291031208006,0.9103247677402801,0.9717084488039388,0.6768495868784542,0.7139481804979042,0.8945274040805293,0.9354797934637947,0.8835558925042444,0.96431830050555,0.9670876076659014,0.26991653642256935,0.8686809266542896,0.9690884679798757,0.20736005429015386,0.8107822850003634,-0.6594798953049993,0.9538306080121588,0.8120007424161658,0.8736546954340079,0.7841232411762885,0.9647005070846885,1.0,0.9391963910305577,0.6021209829380454,0.22228139400648209,0.981094524508614,-0.4586501185077196,0.40395770040614387,0.9522471148886092,0.8892950308835305,0.7703307314064837,0.9539293293927106
AVB,0.9242289954977716,0.923575949329131,0.8334794251374241,0.9475184726325884,0.8911611263116127,0.8888679598632097,0.867422151726868,-0.5122841693611613,0.9264555747996387,-0.26011618776439194,0.9206183899648628,0.891178017265569,0.9030161778350111,0.5816999777269881,0.9486490532383571,0.3028888326608878,0.8613180207520826,0.9237792594355257,0.88685621608661,0.8843644917998056,0.8845515456837368,0.871250869358342,0.824864590423889,0.8956724711422958,0.9561519468924022,0.8038136674916048,0.912011621732353,0.9119288436980272,0.9441636892851046,0.8830087662606578,0.8304582339987366,0.5298781184831627,0.9413817519401435,0.8344844273178768,-0.7158917848781204,0.9349196166858467,0.9262410219206785,0.8683416458376425,0.9121160413312851,0.9448600472224746,0.8162228387951895,0.9489242909537265,0.7755798421922382,0.5999798377684172,0.8998615012015172,0.9531001301975454,0.891976806542664,0.9150665298301772,0.8846516380817259,0.4712741383898404,0.9079598736150037,0.9441078481924416,0.09986707765706516,0.8908027481238833,-0.5825819874664553,0.9021413162463214,0.8277856206392697,0.8726982658947325,0.8885187469663277,0.8915166308693303,0.9391963910305577,1.0,0.5387921866964978,0.4551641482293507,0.9598816024173183,-0.3285241654536275,0.3794014559743345,0.9467921813350596,0.8861083185590503,0.7980704700708728,0.9421252827191167
AVY,0.6928876958121422,0.5461086955524008,0.791427583473872,0.6258437865475768,0.665584705445536,0.7615519920742322,0.7717357071729488,-0.018107983543848488,0.6134515000953951,-0.04002493232144154,0.7267808627216396,0.5167007465506958,0.587529913356677,0.5070509531956395,0.6048590839597885,0.2983701812479765,0.7298792462869172,0.3970233029447202,0.5905246672567427,0.48134680276881797,0.708764567491216,0.9146539406059988,0.6555519519244509,0.5443942110657385,0.646897050471494,0.807941315228294,0.7176094393955046,0.7125814108619896,0.6491739257346107,0.6727361740362899,0.7954077414096707,0.7790979445238132,0.6624103768998211,0.558524869276276,0.006390730495273112,0.5322869356385442,0.9224808209540271,0.714519329280151,0.6139007137800286,0.4835688137668699,0.7375409145056662,0.5979789091726836,0.10614307164249097,0.6368081850930156,0.7197035514275365,0.4208879436377039,0.7277724129731892,0.6345533522768234,0.7362055821140064,-0.19820718678274996,0.7821536365462727,0.48250935557896796,0.5451790425767448,0.4796247107194445,0.028041705238672856,0.5935538808232494,0.8207169145591725,0.5533080971475018,0.588879061613206,0.676614894658323,0.6021209829380454,0.5387921866964978,1.0,0.2662564517880579,0.5917974536427602,0.24160754780503835,0.6657077806529614,0.6324784297196504,0.4751213222365582,0.7276337753534258,0.6470382923596399
BHGE,0.3241739461921271,0.31129642565433563,0.24686718907734076,0.2145954458751014,0.3204209918759995,0.18470193689082226,0.39515861113364475,-0.006783889580376662,0.19448151347089063,0.0047416573544083705,0.4439714204547584,0.5521929194666045,0.5471796565493815,0.22092312746928103,0.4457540186819413,0.1056196835588908,0.18635674150488615,0.4352483126895411,0.6901940655818919,0.21737125206621463,0.20483823021293598,-0.4263825430894288,0.16748488348079793,0.2741076707190864,0.3373821490019113,0.5101569288783104,0.014233386979182396,0.015645515097520407,0.2659477285778122,0.1766896325922242,0.5059112967497793,0.39782097608877587,0.3615428497617798,0.4721078674712979,-0.12409907856073711,0.33602734832045444,0.14122007520880783,0.1031066462052119,0.28097807373251893,0.37182741044790074,0.16521392667042606,0.3630865051877584,0.5541604097263921,0.06114880390747098,0.4571831216676846,0.3765746167319325,0.40895014858695217,0.3315500894404082,0.21415963522791515,0.6362371297938201,0.4703236426236981,0.2723551680015427,-0.00623759775844945,0.6316842034743856,0.20889556103304188,0.2560523897997559,0.35245513145888696,0.3344735670009124,0.6774576088935828,0.23254864872176617,0.22228139400648209,0.4551641482293507,0.2662564517880579,1.0,0.3360714543052982,0.3817571080978084,0.3893125934568663,0.39793051605083346,0.37435440318183366,0.48095882071821316,0.39652595459009743
BLL,0.9796753149383306,0.9630759009633939,0.9183682325857617,0.9827381195600307,0.9292903694642926,0.9466819202077542,0.9057586006314547,-0.5789357121538635,0.9777556470737994,-0.3183990420048995,0.9463750229477226,0.8887828978907374,0.9049919319916064,0.5861276729628428,0.977112849511246,0.2818502173786912,0.9252681062438416,0.9029709848281313,0.8249942092822382,0.9327930412052732,0.9502494150589406,0.8662852321156921,0.9033000847772676,0.9461164763393306,0.9727645790023088,0.8237324087677379,0.951812441224898,0.9509572695674001,0.9779852076212827,0.9342210809442667,0.8317189334634549,0.4720125542329685,0.9584626422090231,0.8395145292948574,-0.7350300501727556,0.9369856272826839,0.9608592334840863,0.9193627910226617,0.9607419171098589,0.9676125357385632,0.8888776215800959,0.9840602468351778,0.7475602538675941,0.6624141636628654,0.9068444582486045,0.9549049000560921,0.9083482196120207,0.9626209079355375,0.9491285826788468,0.3808537555685045,0.8795729585124732,0.970093986538012,0.1656057185227119,0.8772972278311885,-0.6211976802960122,0.9543303467519871,0.8265067575254175,0.8617334591916974,0.857970087136249,0.9426560276208954,0.981094524508614,0.9598816024173183,0.5917974536427602,0.3360714543052982,1.0,-0.3840609094727985,0.40050242118094176,0.9701196988818551,0.9029044212565153,0.8134514239174282,0.9714231488270662
BAC,-0.2980453292362479,-0.40343557457942975,0.6241005521052275,-0.49825280066884464,-0.3151401140582588,-0.36060419128444565,-0.17484979389366212,0.471661895951884,-0.4736704227762424,0.03490665519800281,-0.16176606173998515,-0.1856173625197038,-0.1826860541564148,-0.350914370434267,-0.3156795747623523,-0.20634406859298096,-0.343121718538416,-0.43788851248955085,0.03604448603846271,-0.4985925786125045,-0.38316757083167213,0.05620698368882648,-0.38145592353775853,-0.434494193844771,-0.36924783843038184,0.13454024893491384,-0.40091388767569547,-0.4044553177006382,-0.3981649415888911,-0.4301228325425553,0.10546936127852088,0.46690241952935946,-0.3225428281199868,-0.16697821155772863,0.6830772958025768,-0.4643032668736619,0.09477320259731019,-0.2061898064849444,-0.3854091344913602,-0.4282713722554404,-0.281353125075371,-0.3946836380766372,-0.3997115673159585,-0.3422526130754421,-0.11826332539681185,-0.4657782699203789,-0.1803991675643738,-0.3956222684627462,-0.3462931035348783,-0.17215622309713322,-0.07820748978621923,-0.5071801750694502,0.004929095413907247,-0.15734575062053435,0.765555049414228,-0.3899764038961242,-0.0741082126533933,-0.42224275546144885,-0.008810013753931851,-0.4092705315597113,-0.4586501185077196,-0.3285241654536275,0.24160754780503835,0.3817571080978084,-0.3840609094727985,1.0,0.15482496214212538,-0.29679775085104276,-0.4326427373224009,0.10983866875819844,-0.3020000270932245
BK,0.4804956204053094,0.4769134842251624,0.9127228452389335,0.5960397070094294,0.502901692407524,0.702688541543141,0.6718414926356496,0.1088231751708505,0.6175298335078052,0.4672906875574533,0.5560744186181399,0.4656796601574346,0.4760822740293106,0.5575837455765302,0.4949005575556026,0.33446120559481585,0.5562354472573654,0.2723758064996875,0.43942208926974013,0.4071167268512067,0.5908883481343634,0.7113603804291445,0.5497473023799864,0.5803035953174648,0.4930384415375624,0.6237413135768303,0.6605706208537816,0.6568502727983953,0.46821152725891396,0.45372928167589227,0.5513921784501377,0.7053730594278005,0.5522224904098642,0.4884163782004815,0.11180537001935939,0.4927956363845578,0.7666708737405684,0.6791831192318786,0.48110662272896126,0.3721547962115345,0.5756084261622285,0.4845237328444213,0.1829487952807938,0.621321932094483,0.6049260544659972,0.30970942493938447,0.7573621111204434,0.5540751469950768,0.5176445983146489,-0.09464025894070657,0.5906674829648537,0.37719346098029943,0.6355343669631288,0.4487937716136788,0.21182831715987535,0.4169352871507787,0.8450412933529404,0.5908744028655226,0.46157621890818135,0.5758972431090632,0.40395770040614387,0.3794014559743345,0.6657077806529614,0.3893125934568663,0.40050242118094176,0.15482496214212538,1.0,0.46121118069763073,0.4816197344297405,0.5195588445174399,0.5016334428684334
BCR,0.9617842119743653,0.93200089370861,0.880196377673695,0.9630884590363332,0.9676045948635457,0.9650862475140882,0.9361036926078969,-0.5414585347747545,0.9516876957277108,-0.2909336454298286,0.9667952887675791,0.8495857573294457,0.9226529446834499,0.5663649387730953,0.9740029873622139,0.2813192214663867,0.9079715915325818,0.8791008205920912,0.8789443657914723,0.8663417855682934,0.9367693862633002,0.9135342413832073,0.863640469353204,0.8888829784201671,0.9686426736373059,0.8398419667675284,0.9593043754358204,0.9568246410362957,0.971188658758998,0.9333261062907128,0.8710203034113629,0.5031748685597002,0.954881049837639,0.7798239689609108,-0.7088408156672729,0.9190096605730873,0.9673452878524632,0.8623120342159684,0.9206834747024204,0.9261329658183303,0.8659366687979385,0.9685097454392166,0.6921379702924613,0.6162767145329837,0.9125651963854813,0.9282001893410794,0.9199132885519484,0.9570084660619376,0.9420319558459277,0.4094927247551238,0.8773167697719484,0.9194135893196766,0.17308826915948763,0.8961617344116344,-0.566330644668228,0.9010407340868317,0.8952132407383038,0.853562794248418,0.8862337600196425,0.917785657313521,0.9522471148886092,0.9467921813350596,0.6324784297196504,0.39793051605083346,0.9701196988818551,-0.29679775085104276,0.46121118069763073,1.0,0.9099377373393408,0.8083767739241152,0.99302608116851
BAX,0.8745378462092691,0.9248809186935595,0.6441874268145339,0.9196709887541994,0.9011588152297201,0.8575112945305604,0.8506301048845979,-0.5901463781560344,0.8608563161800223,-0.18459541196137938,0.858468472292909,0.837792420552857,0.8775683822850663,0.5733204078613887,0.9228217918108066,0.24313812419853606,0.8152446719268241,0.8977255503181135,0.7799606323293959,0.8484100416658099,0.865457742361394,0.7164843307832585,0.790028815755874,0.8539389573983799,0.9277096053056604,0.7242961796377483,0.9219335980474287,0.9239716566251048,0.9071739855265737,0.8652362435837595,0.7372985152897621,0.2947351892973281,0.933496369386439,0.7451664290319505,-0.7291180900119779,0.9071271047574447,0.9236982835289236,0.8205651621353678,0.857690653150414,0.9092817966159789,0.7813139642480417,0.9327561207802153,0.7702991289366619,0.5833921393680872,0.8283065447017807,0.9214446756059398,0.7830980091595273,0.9366811927421456,0.8641712782268173,0.462401203958086,0.8015002472232488,0.8856941625542508,0.1695768518527182,0.8446906937412524,-0.5630342462602896,0.8848520740168219,0.8153367730084584,0.9145953756251706,0.7883912979821978,0.8859061593882308,0.8892950308835305,0.8861083185590503,0.4751213222365582,0.37435440318183366,0.9029044212565153,-0.4326427373224009,0.4816197344297405,0.9099377373393408,1.0,0.7058505317585151,0.9245586011268064
BBT,0.8537934715770183,0.8001545290650257,0.7679777473781065,0.7702281691246218,0.7503789056305624,0.7929610706852983,0.8239455137290841,-0.31002690615741674,0.7837323191047549,-0.2600787784504942,0.864994859766118,0.8421306122918836,0.8205093023510528,0.42857867731717675,0.8120097379356103,0.14444506864220846,0.7879194003113007,0.6893283179448092,0.8090730229954718,0.7354554260761713,0.8146956655616907,0.4026364894420091,0.7516334914070939,0.812114995397038,0.8019288919181538,0.9353060564148409,0.7414854771148741,0.739632278933663,0.788051202163555,0.7263098113853628,0.8915316837322605,0.7950407128779331,0.8142313349906751,0.8368308203012005,-0.37008640784494423,0.7155092194899286,0.8495541395932098,0.8486683180857794,0.7988618903983603,0.7842977340875656,0.802583840897753,0.8014408239333972,0.5768882143361579,0.5394118291919867,0.855778876350926,0.7354743777954474,0.8571362468651885,0.7900035270156778,0.8040964897810042,0.2243609887872607,0.8662420302079088,0.7400960846873821,0.1844597340636708,0.7885864498759064,-0.2671694294303507,0.833557670518934,0.8039601299303099,0.6779554051310063,0.8424895719128825,0.7823258236880659,0.7703307314064837,0.7980704700708728,0.7276337753534258,0.48095882071821316,0.8134514239174282,0.10983866875819844,0.5195588445174399,0.8083767739241152,0.7058505317585151,1.0,0.8088783304916239
BDX,0.9682043279088928,0.943101022239314,0.8919267391467685,0.967147383301744,0.9709147220626853,0.9675782503027462,0.9467386466357524,-0.5418125179554447,0.949319110325614,-0.26480296871138925,0.9686267519189032,0.8605124571464664,0.9289193158628145,0.588697835892028,0.9813582407288414,0.2940968509158222,0.9171508864790966,0.8797010765457106,0.8723970091122406,0.8731332498612608,0.944268816927151,0.9320401667708605,0.8777950238959115,0.897364186424098,0.9744340270797566,0.8468330350977021,0.9664892695517262,0.9648501713937023,0.9740580585404137,0.9377427713331863,0.8659784525495491,0.5090990995922914,0.9650519046240719,0.7891551833146822,-0.6971334446201155,0.9270307469687188,0.9627508057001818,0.8798775351828073,0.9328659682297046,0.9290935393668354,0.8785226266214584,0.9779524284001561,0.696428120084027,0.6394717803665645,0.9214623647179163,0.9292732236771654,0.922064278259465,0.9688981184375778,0.9515345037249753,0.39398233082477224,0.8872564996329717,0.9213541673897939,0.20834722172106102,0.897471128128401,-0.5509025273366468,0.9103425022042231,0.9038088150700946,0.8707308677728846,0.881190429747654,0.9319918106789463,0.9539293293927106,0.9421252827191167,0.6470382923596399,0.39652595459009743,0.9714231488270662,-0.3020000270932245,0.5016334428684334,0.99302608116851,0.9245586011268064,0.8088783304916239,1.0
